Copyright 1986-2022 Xilinx, Inc. All Rights Reserved. Copyright 2022-2025 Advanced Micro Devices, Inc. All Rights Reserved.
---------------------------------------------------------------------------------------------------------------------------------------------------------------------------------------------------------------------------------------------------------
| Tool Version : Vivado v.2025.1 (win64) Build 6140274 Thu May 22 00:12:29 MDT 2025
| Date         : Fri Oct  9 00:58:50 2026
| Host         : TheLaptop running 64-bit major release  (build 9200)
| Command      : report_timing_summary -max_paths 10 -routable_nets -report_unconstrained -file lab_3_top_level_timing_summary_routed.rpt -pb lab_3_top_level_timing_summary_routed.pb -rpx lab_3_top_level_timing_summary_routed.rpx -warn_on_violation
| Design       : lab_3_top_level
| Device       : 7a35t-cpg236
| Speed File   : -1  PRODUCTION 1.23 2018-06-13
| Design State : Routed
---------------------------------------------------------------------------------------------------------------------------------------------------------------------------------------------------------------------------------------------------------

Timing Summary Report

------------------------------------------------------------------------------------------------
| Timer Settings
| --------------
------------------------------------------------------------------------------------------------

  Enable Multi Corner Analysis               :  Yes
  Enable Pessimism Removal                   :  Yes
  Pessimism Removal Resolution               :  Nearest Common Node
  Enable Input Delay Default Clock           :  No
  Enable Preset / Clear Arcs                 :  No
  Disable Flight Delays                      :  No
  Ignore I/O Paths                           :  No
  Timing Early Launch at Borrowing Latches   :  No
  Borrow Time for Max Delay Exceptions       :  Yes
  Merge Timing Exceptions                    :  Yes
  Inter-SLR Compensation                     :  Conservative

  Corner  Analyze    Analyze    
  Name    Max Paths  Min Paths  
  ------  ---------  ---------  
  Slow    Yes        Yes        
  Fast    Yes        Yes        


------------------------------------------------------------------------------------------------
| Report Methodology
| ------------------
------------------------------------------------------------------------------------------------

Rule       Severity  Description                    Violations  
---------  --------  -----------------------------  ----------  
TIMING-18  Warning   Missing input or output delay  45          

Note: This report is based on the most recent report_methodology run and may not be up-to-date. Run report_methodology on the current design for the latest report.



check_timing report

Table of Contents
-----------------
1. checking no_clock (0)
2. checking constant_clock (0)
3. checking pulse_width_clock (0)
4. checking unconstrained_internal_endpoints (0)
5. checking no_input_delay (18)
6. checking no_output_delay (27)
7. checking multiple_clock (0)
8. checking generated_clocks (0)
9. checking loops (0)
10. checking partial_input_delay (0)
11. checking partial_output_delay (0)
12. checking latch_loops (0)

1. checking no_clock (0)
------------------------
 There are 0 register/latch pins with no clock.


2. checking constant_clock (0)
------------------------------
 There are 0 register/latch pins with constant_clock.


3. checking pulse_width_clock (0)
---------------------------------
 There are 0 register/latch pins which need pulse_width check


4. checking unconstrained_internal_endpoints (0)
------------------------------------------------
 There are 0 pins that are not constrained for maximum delay.

 There are 0 pins that are not constrained for maximum delay due to constant clock.


5. checking no_input_delay (18)
-------------------------------
 There are 18 input ports with no input delay specified. (HIGH)

 There are 0 input ports with no input delay but user has a false path constraint.


6. checking no_output_delay (27)
--------------------------------
 There are 27 ports with no output delay specified. (HIGH)

 There are 0 ports with no output delay but user has a false path constraint

 There are 0 ports with no output delay but with a timing clock defined on it or propagating through it


7. checking multiple_clock (0)
------------------------------
 There are 0 register/latch pins with multiple clocks.


8. checking generated_clocks (0)
--------------------------------
 There are 0 generated clocks that are not connected to a clock source.


9. checking loops (0)
---------------------
 There are 0 combinational loops in the design.


10. checking partial_input_delay (0)
------------------------------------
 There are 0 input ports with partial input delay specified.


11. checking partial_output_delay (0)
-------------------------------------
 There are 0 ports with partial output delay specified.


12. checking latch_loops (0)
----------------------------
 There are 0 combinational latch loops in the design through latch input



------------------------------------------------------------------------------------------------
| Design Timing Summary
| ---------------------
------------------------------------------------------------------------------------------------

    WNS(ns)      TNS(ns)  TNS Failing Endpoints  TNS Total Endpoints      WHS(ns)      THS(ns)  THS Failing Endpoints  THS Total Endpoints     WPWS(ns)     TPWS(ns)  TPWS Failing Endpoints  TPWS Total Endpoints  
    -------      -------  ---------------------  -------------------      -------      -------  ---------------------  -------------------     --------     --------  ----------------------  --------------------  
      4.467        0.000                      0                  353        0.109        0.000                      0                  353        4.500        0.000                       0                   192  


All user specified timing constraints are met.


------------------------------------------------------------------------------------------------
| Clock Summary
| -------------
------------------------------------------------------------------------------------------------

Clock        Waveform(ns)       Period(ns)      Frequency(MHz)
-----        ------------       ----------      --------------
sys_clk_pin  {0.000 5.000}      10.000          100.000         


------------------------------------------------------------------------------------------------
| Intra Clock Table
| -----------------
------------------------------------------------------------------------------------------------

Clock             WNS(ns)      TNS(ns)  TNS Failing Endpoints  TNS Total Endpoints      WHS(ns)      THS(ns)  THS Failing Endpoints  THS Total Endpoints     WPWS(ns)     TPWS(ns)  TPWS Failing Endpoints  TPWS Total Endpoints  
-----             -------      -------  ---------------------  -------------------      -------      -------  ---------------------  -------------------     --------     --------  ----------------------  --------------------  
sys_clk_pin         4.467        0.000                      0                  353        0.109        0.000                      0                  353        4.500        0.000                       0                   192  


------------------------------------------------------------------------------------------------
| Inter Clock Table
| -----------------
------------------------------------------------------------------------------------------------

From Clock    To Clock          WNS(ns)      TNS(ns)  TNS Failing Endpoints  TNS Total Endpoints      WHS(ns)      THS(ns)  THS Failing Endpoints  THS Total Endpoints  
----------    --------          -------      -------  ---------------------  -------------------      -------      -------  ---------------------  -------------------  


------------------------------------------------------------------------------------------------
| Other Path Groups Table
| -----------------------
------------------------------------------------------------------------------------------------

Path Group    From Clock    To Clock          WNS(ns)      TNS(ns)  TNS Failing Endpoints  TNS Total Endpoints      WHS(ns)      THS(ns)  THS Failing Endpoints  THS Total Endpoints  
----------    ----------    --------          -------      -------  ---------------------  -------------------      -------      -------  ---------------------  -------------------  


------------------------------------------------------------------------------------------------
| User Ignored Path Table
| -----------------------
------------------------------------------------------------------------------------------------

Path Group    From Clock    To Clock    
----------    ----------    --------    


------------------------------------------------------------------------------------------------
| Unconstrained Path Table
| ------------------------
------------------------------------------------------------------------------------------------

Path Group    From Clock    To Clock    
----------    ----------    --------    
(none)                                    
(none)        sys_clk_pin                 
(none)                      sys_clk_pin   


------------------------------------------------------------------------------------------------
| Timing Details
| --------------
------------------------------------------------------------------------------------------------


---------------------------------------------------------------------------------------------------
From Clock:  sys_clk_pin
  To Clock:  sys_clk_pin

Setup :            0  Failing Endpoints,  Worst Slack        4.467ns,  Total Violation        0.000ns
Hold  :            0  Failing Endpoints,  Worst Slack        0.109ns,  Total Violation        0.000ns
PW    :            0  Failing Endpoints,  Worst Slack        4.500ns,  Total Violation        0.000ns
---------------------------------------------------------------------------------------------------


Max Delay Paths
--------------------------------------------------------------------------------------
Slack (MET) :             4.467ns  (required time - arrival time)
  Source:                 SYNCHRONIZER/switches_outputs_reg[5]/C
                            (rising edge-triggered cell FDRE clocked by sys_clk_pin  {rise@0.000ns fall@5.000ns period=10.000ns})
  Destination:            BIN_LIVE/scratch_reg[13]/R
                            (rising edge-triggered cell FDRE clocked by sys_clk_pin  {rise@0.000ns fall@5.000ns period=10.000ns})
  Path Group:             sys_clk_pin
  Path Type:              Setup (Max at Slow Process Corner)
  Requirement:            10.000ns  (sys_clk_pin rise@10.000ns - sys_clk_pin rise@0.000ns)
  Data Path Delay:        4.728ns  (logic 1.043ns (22.059%)  route 3.685ns (77.941%))
  Logic Levels:           4  (LUT2=1 LUT3=1 LUT5=1 LUT6=1)
  Clock Path Skew:        -0.042ns (DCD - SCD + CPR)
    Destination Clock Delay (DCD):    4.779ns = ( 14.779 - 10.000 ) 
    Source Clock Delay      (SCD):    5.081ns
    Clock Pessimism Removal (CPR):    0.260ns
  Clock Uncertainty:      0.035ns  ((TSJ^2 + TIJ^2)^1/2 + DJ) / 2 + PE
    Total System Jitter     (TSJ):    0.071ns
    Total Input Jitter      (TIJ):    0.000ns
    Discrete Jitter          (DJ):    0.000ns
    Phase Error              (PE):    0.000ns

    Location             Delay type                Incr(ns)  Path(ns)    Netlist Resource(s)
  -------------------------------------------------------------------    -------------------
                         (clock sys_clk_pin rise edge)
                                                      0.000     0.000 r  
    W5                                                0.000     0.000 r  clk (IN)
                         net (fo=0)                   0.000     0.000    clk
    W5                   IBUF (Prop_ibuf_I_O)         1.458     1.458 r  clk_IBUF_inst/O
                         net (fo=1, routed)           1.967     3.425    clk_IBUF
    BUFGCTRL_X0Y0        BUFG (Prop_bufg_I_O)         0.096     3.521 r  clk_IBUF_BUFG_inst/O
                         net (fo=191, routed)         1.560     5.081    SYNCHRONIZER/CLK
    SLICE_X54Y18         FDRE                                         r  SYNCHRONIZER/switches_outputs_reg[5]/C
  -------------------------------------------------------------------    -------------------
    SLICE_X54Y18         FDRE (Prop_fdre_C_Q)         0.518     5.599 r  SYNCHRONIZER/switches_outputs_reg[5]/Q
                         net (fo=4, routed)           0.986     6.585    SYNCHRONIZER/Q[10]
    SLICE_X51Y18         LUT5 (Prop_lut5_I0_O)        0.124     6.709 f  SYNCHRONIZER/count[4]_i_5/O
                         net (fo=1, routed)           0.437     7.147    SYNCHRONIZER/count[4]_i_5_n_0
    SLICE_X52Y20         LUT6 (Prop_lut6_I2_O)        0.124     7.271 r  SYNCHRONIZER/count[4]_i_4/O
                         net (fo=1, routed)           0.466     7.736    SYNCHRONIZER/count[4]_i_4_n_0
    SLICE_X52Y20         LUT3 (Prop_lut3_I1_O)        0.124     7.860 r  SYNCHRONIZER/count[4]_i_3/O
                         net (fo=14, routed)          0.820     8.680    SYNCHRONIZER/switches_outputs_reg[1]_0
    SLICE_X51Y18         LUT2 (Prop_lut2_I1_O)        0.153     8.833 r  SYNCHRONIZER/count[4]_i_1__0/O
                         net (fo=41, routed)          0.977     9.810    BIN_LIVE/SR[0]
    SLICE_X52Y22         FDRE                                         r  BIN_LIVE/scratch_reg[13]/R
  -------------------------------------------------------------------    -------------------

                         (clock sys_clk_pin rise edge)
                                                     10.000    10.000 r  
    W5                                                0.000    10.000 r  clk (IN)
                         net (fo=0)                   0.000    10.000    clk
    W5                   IBUF (Prop_ibuf_I_O)         1.388    11.388 r  clk_IBUF_inst/O
                         net (fo=1, routed)           1.862    13.250    clk_IBUF
    BUFGCTRL_X0Y0        BUFG (Prop_bufg_I_O)         0.091    13.341 r  clk_IBUF_BUFG_inst/O
                         net (fo=191, routed)         1.438    14.779    BIN_LIVE/CLK
    SLICE_X52Y22         FDRE                                         r  BIN_LIVE/scratch_reg[13]/C
                         clock pessimism              0.260    15.039    
                         clock uncertainty           -0.035    15.004    
    SLICE_X52Y22         FDRE (Setup_fdre_C_R)       -0.727    14.277    BIN_LIVE/scratch_reg[13]
  -------------------------------------------------------------------
                         required time                         14.277    
                         arrival time                          -9.810    
  -------------------------------------------------------------------
                         slack                                  4.467    

Slack (MET) :             4.467ns  (required time - arrival time)
  Source:                 SYNCHRONIZER/switches_outputs_reg[5]/C
                            (rising edge-triggered cell FDRE clocked by sys_clk_pin  {rise@0.000ns fall@5.000ns period=10.000ns})
  Destination:            BIN_LIVE/scratch_reg[14]/R
                            (rising edge-triggered cell FDRE clocked by sys_clk_pin  {rise@0.000ns fall@5.000ns period=10.000ns})
  Path Group:             sys_clk_pin
  Path Type:              Setup (Max at Slow Process Corner)
  Requirement:            10.000ns  (sys_clk_pin rise@10.000ns - sys_clk_pin rise@0.000ns)
  Data Path Delay:        4.728ns  (logic 1.043ns (22.059%)  route 3.685ns (77.941%))
  Logic Levels:           4  (LUT2=1 LUT3=1 LUT5=1 LUT6=1)
  Clock Path Skew:        -0.042ns (DCD - SCD + CPR)
    Destination Clock Delay (DCD):    4.779ns = ( 14.779 - 10.000 ) 
    Source Clock Delay      (SCD):    5.081ns
    Clock Pessimism Removal (CPR):    0.260ns
  Clock Uncertainty:      0.035ns  ((TSJ^2 + TIJ^2)^1/2 + DJ) / 2 + PE
    Total System Jitter     (TSJ):    0.071ns
    Total Input Jitter      (TIJ):    0.000ns
    Discrete Jitter          (DJ):    0.000ns
    Phase Error              (PE):    0.000ns

    Location             Delay type                Incr(ns)  Path(ns)    Netlist Resource(s)
  -------------------------------------------------------------------    -------------------
                         (clock sys_clk_pin rise edge)
                                                      0.000     0.000 r  
    W5                                                0.000     0.000 r  clk (IN)
                         net (fo=0)                   0.000     0.000    clk
    W5                   IBUF (Prop_ibuf_I_O)         1.458     1.458 r  clk_IBUF_inst/O
                         net (fo=1, routed)           1.967     3.425    clk_IBUF
    BUFGCTRL_X0Y0        BUFG (Prop_bufg_I_O)         0.096     3.521 r  clk_IBUF_BUFG_inst/O
                         net (fo=191, routed)         1.560     5.081    SYNCHRONIZER/CLK
    SLICE_X54Y18         FDRE                                         r  SYNCHRONIZER/switches_outputs_reg[5]/C
  -------------------------------------------------------------------    -------------------
    SLICE_X54Y18         FDRE (Prop_fdre_C_Q)         0.518     5.599 r  SYNCHRONIZER/switches_outputs_reg[5]/Q
                         net (fo=4, routed)           0.986     6.585    SYNCHRONIZER/Q[10]
    SLICE_X51Y18         LUT5 (Prop_lut5_I0_O)        0.124     6.709 f  SYNCHRONIZER/count[4]_i_5/O
                         net (fo=1, routed)           0.437     7.147    SYNCHRONIZER/count[4]_i_5_n_0
    SLICE_X52Y20         LUT6 (Prop_lut6_I2_O)        0.124     7.271 r  SYNCHRONIZER/count[4]_i_4/O
                         net (fo=1, routed)           0.466     7.736    SYNCHRONIZER/count[4]_i_4_n_0
    SLICE_X52Y20         LUT3 (Prop_lut3_I1_O)        0.124     7.860 r  SYNCHRONIZER/count[4]_i_3/O
                         net (fo=14, routed)          0.820     8.680    SYNCHRONIZER/switches_outputs_reg[1]_0
    SLICE_X51Y18         LUT2 (Prop_lut2_I1_O)        0.153     8.833 r  SYNCHRONIZER/count[4]_i_1__0/O
                         net (fo=41, routed)          0.977     9.810    BIN_LIVE/SR[0]
    SLICE_X52Y22         FDRE                                         r  BIN_LIVE/scratch_reg[14]/R
  -------------------------------------------------------------------    -------------------

                         (clock sys_clk_pin rise edge)
                                                     10.000    10.000 r  
    W5                                                0.000    10.000 r  clk (IN)
                         net (fo=0)                   0.000    10.000    clk
    W5                   IBUF (Prop_ibuf_I_O)         1.388    11.388 r  clk_IBUF_inst/O
                         net (fo=1, routed)           1.862    13.250    clk_IBUF
    BUFGCTRL_X0Y0        BUFG (Prop_bufg_I_O)         0.091    13.341 r  clk_IBUF_BUFG_inst/O
                         net (fo=191, routed)         1.438    14.779    BIN_LIVE/CLK
    SLICE_X52Y22         FDRE                                         r  BIN_LIVE/scratch_reg[14]/C
                         clock pessimism              0.260    15.039    
                         clock uncertainty           -0.035    15.004    
    SLICE_X52Y22         FDRE (Setup_fdre_C_R)       -0.727    14.277    BIN_LIVE/scratch_reg[14]
  -------------------------------------------------------------------
                         required time                         14.277    
                         arrival time                          -9.810    
  -------------------------------------------------------------------
                         slack                                  4.467    

Slack (MET) :             4.467ns  (required time - arrival time)
  Source:                 SYNCHRONIZER/switches_outputs_reg[5]/C
                            (rising edge-triggered cell FDRE clocked by sys_clk_pin  {rise@0.000ns fall@5.000ns period=10.000ns})
  Destination:            BIN_LIVE/scratch_reg[8]/R
                            (rising edge-triggered cell FDRE clocked by sys_clk_pin  {rise@0.000ns fall@5.000ns period=10.000ns})
  Path Group:             sys_clk_pin
  Path Type:              Setup (Max at Slow Process Corner)
  Requirement:            10.000ns  (sys_clk_pin rise@10.000ns - sys_clk_pin rise@0.000ns)
  Data Path Delay:        4.728ns  (logic 1.043ns (22.059%)  route 3.685ns (77.941%))
  Logic Levels:           4  (LUT2=1 LUT3=1 LUT5=1 LUT6=1)
  Clock Path Skew:        -0.042ns (DCD - SCD + CPR)
    Destination Clock Delay (DCD):    4.779ns = ( 14.779 - 10.000 ) 
    Source Clock Delay      (SCD):    5.081ns
    Clock Pessimism Removal (CPR):    0.260ns
  Clock Uncertainty:      0.035ns  ((TSJ^2 + TIJ^2)^1/2 + DJ) / 2 + PE
    Total System Jitter     (TSJ):    0.071ns
    Total Input Jitter      (TIJ):    0.000ns
    Discrete Jitter          (DJ):    0.000ns
    Phase Error              (PE):    0.000ns

    Location             Delay type                Incr(ns)  Path(ns)    Netlist Resource(s)
  -------------------------------------------------------------------    -------------------
                         (clock sys_clk_pin rise edge)
                                                      0.000     0.000 r  
    W5                                                0.000     0.000 r  clk (IN)
                         net (fo=0)                   0.000     0.000    clk
    W5                   IBUF (Prop_ibuf_I_O)         1.458     1.458 r  clk_IBUF_inst/O
                         net (fo=1, routed)           1.967     3.425    clk_IBUF
    BUFGCTRL_X0Y0        BUFG (Prop_bufg_I_O)         0.096     3.521 r  clk_IBUF_BUFG_inst/O
                         net (fo=191, routed)         1.560     5.081    SYNCHRONIZER/CLK
    SLICE_X54Y18         FDRE                                         r  SYNCHRONIZER/switches_outputs_reg[5]/C
  -------------------------------------------------------------------    -------------------
    SLICE_X54Y18         FDRE (Prop_fdre_C_Q)         0.518     5.599 r  SYNCHRONIZER/switches_outputs_reg[5]/Q
                         net (fo=4, routed)           0.986     6.585    SYNCHRONIZER/Q[10]
    SLICE_X51Y18         LUT5 (Prop_lut5_I0_O)        0.124     6.709 f  SYNCHRONIZER/count[4]_i_5/O
                         net (fo=1, routed)           0.437     7.147    SYNCHRONIZER/count[4]_i_5_n_0
    SLICE_X52Y20         LUT6 (Prop_lut6_I2_O)        0.124     7.271 r  SYNCHRONIZER/count[4]_i_4/O
                         net (fo=1, routed)           0.466     7.736    SYNCHRONIZER/count[4]_i_4_n_0
    SLICE_X52Y20         LUT3 (Prop_lut3_I1_O)        0.124     7.860 r  SYNCHRONIZER/count[4]_i_3/O
                         net (fo=14, routed)          0.820     8.680    SYNCHRONIZER/switches_outputs_reg[1]_0
    SLICE_X51Y18         LUT2 (Prop_lut2_I1_O)        0.153     8.833 r  SYNCHRONIZER/count[4]_i_1__0/O
                         net (fo=41, routed)          0.977     9.810    BIN_LIVE/SR[0]
    SLICE_X52Y22         FDRE                                         r  BIN_LIVE/scratch_reg[8]/R
  -------------------------------------------------------------------    -------------------

                         (clock sys_clk_pin rise edge)
                                                     10.000    10.000 r  
    W5                                                0.000    10.000 r  clk (IN)
                         net (fo=0)                   0.000    10.000    clk
    W5                   IBUF (Prop_ibuf_I_O)         1.388    11.388 r  clk_IBUF_inst/O
                         net (fo=1, routed)           1.862    13.250    clk_IBUF
    BUFGCTRL_X0Y0        BUFG (Prop_bufg_I_O)         0.091    13.341 r  clk_IBUF_BUFG_inst/O
                         net (fo=191, routed)         1.438    14.779    BIN_LIVE/CLK
    SLICE_X52Y22         FDRE                                         r  BIN_LIVE/scratch_reg[8]/C
                         clock pessimism              0.260    15.039    
                         clock uncertainty           -0.035    15.004    
    SLICE_X52Y22         FDRE (Setup_fdre_C_R)       -0.727    14.277    BIN_LIVE/scratch_reg[8]
  -------------------------------------------------------------------
                         required time                         14.277    
                         arrival time                          -9.810    
  -------------------------------------------------------------------
                         slack                                  4.467    

Slack (MET) :             4.467ns  (required time - arrival time)
  Source:                 SYNCHRONIZER/switches_outputs_reg[5]/C
                            (rising edge-triggered cell FDRE clocked by sys_clk_pin  {rise@0.000ns fall@5.000ns period=10.000ns})
  Destination:            BIN_LIVE/scratch_reg[9]/R
                            (rising edge-triggered cell FDRE clocked by sys_clk_pin  {rise@0.000ns fall@5.000ns period=10.000ns})
  Path Group:             sys_clk_pin
  Path Type:              Setup (Max at Slow Process Corner)
  Requirement:            10.000ns  (sys_clk_pin rise@10.000ns - sys_clk_pin rise@0.000ns)
  Data Path Delay:        4.728ns  (logic 1.043ns (22.059%)  route 3.685ns (77.941%))
  Logic Levels:           4  (LUT2=1 LUT3=1 LUT5=1 LUT6=1)
  Clock Path Skew:        -0.042ns (DCD - SCD + CPR)
    Destination Clock Delay (DCD):    4.779ns = ( 14.779 - 10.000 ) 
    Source Clock Delay      (SCD):    5.081ns
    Clock Pessimism Removal (CPR):    0.260ns
  Clock Uncertainty:      0.035ns  ((TSJ^2 + TIJ^2)^1/2 + DJ) / 2 + PE
    Total System Jitter     (TSJ):    0.071ns
    Total Input Jitter      (TIJ):    0.000ns
    Discrete Jitter          (DJ):    0.000ns
    Phase Error              (PE):    0.000ns

    Location             Delay type                Incr(ns)  Path(ns)    Netlist Resource(s)
  -------------------------------------------------------------------    -------------------
                         (clock sys_clk_pin rise edge)
                                                      0.000     0.000 r  
    W5                                                0.000     0.000 r  clk (IN)
                         net (fo=0)                   0.000     0.000    clk
    W5                   IBUF (Prop_ibuf_I_O)         1.458     1.458 r  clk_IBUF_inst/O
                         net (fo=1, routed)           1.967     3.425    clk_IBUF
    BUFGCTRL_X0Y0        BUFG (Prop_bufg_I_O)         0.096     3.521 r  clk_IBUF_BUFG_inst/O
                         net (fo=191, routed)         1.560     5.081    SYNCHRONIZER/CLK
    SLICE_X54Y18         FDRE                                         r  SYNCHRONIZER/switches_outputs_reg[5]/C
  -------------------------------------------------------------------    -------------------
    SLICE_X54Y18         FDRE (Prop_fdre_C_Q)         0.518     5.599 r  SYNCHRONIZER/switches_outputs_reg[5]/Q
                         net (fo=4, routed)           0.986     6.585    SYNCHRONIZER/Q[10]
    SLICE_X51Y18         LUT5 (Prop_lut5_I0_O)        0.124     6.709 f  SYNCHRONIZER/count[4]_i_5/O
                         net (fo=1, routed)           0.437     7.147    SYNCHRONIZER/count[4]_i_5_n_0
    SLICE_X52Y20         LUT6 (Prop_lut6_I2_O)        0.124     7.271 r  SYNCHRONIZER/count[4]_i_4/O
                         net (fo=1, routed)           0.466     7.736    SYNCHRONIZER/count[4]_i_4_n_0
    SLICE_X52Y20         LUT3 (Prop_lut3_I1_O)        0.124     7.860 r  SYNCHRONIZER/count[4]_i_3/O
                         net (fo=14, routed)          0.820     8.680    SYNCHRONIZER/switches_outputs_reg[1]_0
    SLICE_X51Y18         LUT2 (Prop_lut2_I1_O)        0.153     8.833 r  SYNCHRONIZER/count[4]_i_1__0/O
                         net (fo=41, routed)          0.977     9.810    BIN_LIVE/SR[0]
    SLICE_X52Y22         FDRE                                         r  BIN_LIVE/scratch_reg[9]/R
  -------------------------------------------------------------------    -------------------

                         (clock sys_clk_pin rise edge)
                                                     10.000    10.000 r  
    W5                                                0.000    10.000 r  clk (IN)
                         net (fo=0)                   0.000    10.000    clk
    W5                   IBUF (Prop_ibuf_I_O)         1.388    11.388 r  clk_IBUF_inst/O
                         net (fo=1, routed)           1.862    13.250    clk_IBUF
    BUFGCTRL_X0Y0        BUFG (Prop_bufg_I_O)         0.091    13.341 r  clk_IBUF_BUFG_inst/O
                         net (fo=191, routed)         1.438    14.779    BIN_LIVE/CLK
    SLICE_X52Y22         FDRE                                         r  BIN_LIVE/scratch_reg[9]/C
                         clock pessimism              0.260    15.039    
                         clock uncertainty           -0.035    15.004    
    SLICE_X52Y22         FDRE (Setup_fdre_C_R)       -0.727    14.277    BIN_LIVE/scratch_reg[9]
  -------------------------------------------------------------------
                         required time                         14.277    
                         arrival time                          -9.810    
  -------------------------------------------------------------------
                         slack                                  4.467    

Slack (MET) :             4.521ns  (required time - arrival time)
  Source:                 SYNCHRONIZER/switches_outputs_reg[5]/C
                            (rising edge-triggered cell FDRE clocked by sys_clk_pin  {rise@0.000ns fall@5.000ns period=10.000ns})
  Destination:            BIN_LIVE/bcd_out_reg[0]/R
                            (rising edge-triggered cell FDRE clocked by sys_clk_pin  {rise@0.000ns fall@5.000ns period=10.000ns})
  Path Group:             sys_clk_pin
  Path Type:              Setup (Max at Slow Process Corner)
  Requirement:            10.000ns  (sys_clk_pin rise@10.000ns - sys_clk_pin rise@0.000ns)
  Data Path Delay:        4.677ns  (logic 1.043ns (22.301%)  route 3.634ns (77.699%))
  Logic Levels:           4  (LUT2=1 LUT3=1 LUT5=1 LUT6=1)
  Clock Path Skew:        -0.040ns (DCD - SCD + CPR)
    Destination Clock Delay (DCD):    4.781ns = ( 14.781 - 10.000 ) 
    Source Clock Delay      (SCD):    5.081ns
    Clock Pessimism Removal (CPR):    0.260ns
  Clock Uncertainty:      0.035ns  ((TSJ^2 + TIJ^2)^1/2 + DJ) / 2 + PE
    Total System Jitter     (TSJ):    0.071ns
    Total Input Jitter      (TIJ):    0.000ns
    Discrete Jitter          (DJ):    0.000ns
    Phase Error              (PE):    0.000ns

    Location             Delay type                Incr(ns)  Path(ns)    Netlist Resource(s)
  -------------------------------------------------------------------    -------------------
                         (clock sys_clk_pin rise edge)
                                                      0.000     0.000 r  
    W5                                                0.000     0.000 r  clk (IN)
                         net (fo=0)                   0.000     0.000    clk
    W5                   IBUF (Prop_ibuf_I_O)         1.458     1.458 r  clk_IBUF_inst/O
                         net (fo=1, routed)           1.967     3.425    clk_IBUF
    BUFGCTRL_X0Y0        BUFG (Prop_bufg_I_O)         0.096     3.521 r  clk_IBUF_BUFG_inst/O
                         net (fo=191, routed)         1.560     5.081    SYNCHRONIZER/CLK
    SLICE_X54Y18         FDRE                                         r  SYNCHRONIZER/switches_outputs_reg[5]/C
  -------------------------------------------------------------------    -------------------
    SLICE_X54Y18         FDRE (Prop_fdre_C_Q)         0.518     5.599 r  SYNCHRONIZER/switches_outputs_reg[5]/Q
                         net (fo=4, routed)           0.986     6.585    SYNCHRONIZER/Q[10]
    SLICE_X51Y18         LUT5 (Prop_lut5_I0_O)        0.124     6.709 f  SYNCHRONIZER/count[4]_i_5/O
                         net (fo=1, routed)           0.437     7.147    SYNCHRONIZER/count[4]_i_5_n_0
    SLICE_X52Y20         LUT6 (Prop_lut6_I2_O)        0.124     7.271 r  SYNCHRONIZER/count[4]_i_4/O
                         net (fo=1, routed)           0.466     7.736    SYNCHRONIZER/count[4]_i_4_n_0
    SLICE_X52Y20         LUT3 (Prop_lut3_I1_O)        0.124     7.860 r  SYNCHRONIZER/count[4]_i_3/O
                         net (fo=14, routed)          0.820     8.680    SYNCHRONIZER/switches_outputs_reg[1]_0
    SLICE_X51Y18         LUT2 (Prop_lut2_I1_O)        0.153     8.833 r  SYNCHRONIZER/count[4]_i_1__0/O
                         net (fo=41, routed)          0.925     9.758    BIN_LIVE/SR[0]
    SLICE_X50Y21         FDRE                                         r  BIN_LIVE/bcd_out_reg[0]/R
  -------------------------------------------------------------------    -------------------

                         (clock sys_clk_pin rise edge)
                                                     10.000    10.000 r  
    W5                                                0.000    10.000 r  clk (IN)
                         net (fo=0)                   0.000    10.000    clk
    W5                   IBUF (Prop_ibuf_I_O)         1.388    11.388 r  clk_IBUF_inst/O
                         net (fo=1, routed)           1.862    13.250    clk_IBUF
    BUFGCTRL_X0Y0        BUFG (Prop_bufg_I_O)         0.091    13.341 r  clk_IBUF_BUFG_inst/O
                         net (fo=191, routed)         1.440    14.781    BIN_LIVE/CLK
    SLICE_X50Y21         FDRE                                         r  BIN_LIVE/bcd_out_reg[0]/C
                         clock pessimism              0.260    15.041    
                         clock uncertainty           -0.035    15.006    
    SLICE_X50Y21         FDRE (Setup_fdre_C_R)       -0.727    14.279    BIN_LIVE/bcd_out_reg[0]
  -------------------------------------------------------------------
                         required time                         14.279    
                         arrival time                          -9.758    
  -------------------------------------------------------------------
                         slack                                  4.521    

Slack (MET) :             4.521ns  (required time - arrival time)
  Source:                 SYNCHRONIZER/switches_outputs_reg[5]/C
                            (rising edge-triggered cell FDRE clocked by sys_clk_pin  {rise@0.000ns fall@5.000ns period=10.000ns})
  Destination:            BIN_LIVE/bcd_out_reg[12]/R
                            (rising edge-triggered cell FDRE clocked by sys_clk_pin  {rise@0.000ns fall@5.000ns period=10.000ns})
  Path Group:             sys_clk_pin
  Path Type:              Setup (Max at Slow Process Corner)
  Requirement:            10.000ns  (sys_clk_pin rise@10.000ns - sys_clk_pin rise@0.000ns)
  Data Path Delay:        4.677ns  (logic 1.043ns (22.301%)  route 3.634ns (77.699%))
  Logic Levels:           4  (LUT2=1 LUT3=1 LUT5=1 LUT6=1)
  Clock Path Skew:        -0.040ns (DCD - SCD + CPR)
    Destination Clock Delay (DCD):    4.781ns = ( 14.781 - 10.000 ) 
    Source Clock Delay      (SCD):    5.081ns
    Clock Pessimism Removal (CPR):    0.260ns
  Clock Uncertainty:      0.035ns  ((TSJ^2 + TIJ^2)^1/2 + DJ) / 2 + PE
    Total System Jitter     (TSJ):    0.071ns
    Total Input Jitter      (TIJ):    0.000ns
    Discrete Jitter          (DJ):    0.000ns
    Phase Error              (PE):    0.000ns

    Location             Delay type                Incr(ns)  Path(ns)    Netlist Resource(s)
  -------------------------------------------------------------------    -------------------
                         (clock sys_clk_pin rise edge)
                                                      0.000     0.000 r  
    W5                                                0.000     0.000 r  clk (IN)
                         net (fo=0)                   0.000     0.000    clk
    W5                   IBUF (Prop_ibuf_I_O)         1.458     1.458 r  clk_IBUF_inst/O
                         net (fo=1, routed)           1.967     3.425    clk_IBUF
    BUFGCTRL_X0Y0        BUFG (Prop_bufg_I_O)         0.096     3.521 r  clk_IBUF_BUFG_inst/O
                         net (fo=191, routed)         1.560     5.081    SYNCHRONIZER/CLK
    SLICE_X54Y18         FDRE                                         r  SYNCHRONIZER/switches_outputs_reg[5]/C
  -------------------------------------------------------------------    -------------------
    SLICE_X54Y18         FDRE (Prop_fdre_C_Q)         0.518     5.599 r  SYNCHRONIZER/switches_outputs_reg[5]/Q
                         net (fo=4, routed)           0.986     6.585    SYNCHRONIZER/Q[10]
    SLICE_X51Y18         LUT5 (Prop_lut5_I0_O)        0.124     6.709 f  SYNCHRONIZER/count[4]_i_5/O
                         net (fo=1, routed)           0.437     7.147    SYNCHRONIZER/count[4]_i_5_n_0
    SLICE_X52Y20         LUT6 (Prop_lut6_I2_O)        0.124     7.271 r  SYNCHRONIZER/count[4]_i_4/O
                         net (fo=1, routed)           0.466     7.736    SYNCHRONIZER/count[4]_i_4_n_0
    SLICE_X52Y20         LUT3 (Prop_lut3_I1_O)        0.124     7.860 r  SYNCHRONIZER/count[4]_i_3/O
                         net (fo=14, routed)          0.820     8.680    SYNCHRONIZER/switches_outputs_reg[1]_0
    SLICE_X51Y18         LUT2 (Prop_lut2_I1_O)        0.153     8.833 r  SYNCHRONIZER/count[4]_i_1__0/O
                         net (fo=41, routed)          0.925     9.758    BIN_LIVE/SR[0]
    SLICE_X50Y21         FDRE                                         r  BIN_LIVE/bcd_out_reg[12]/R
  -------------------------------------------------------------------    -------------------

                         (clock sys_clk_pin rise edge)
                                                     10.000    10.000 r  
    W5                                                0.000    10.000 r  clk (IN)
                         net (fo=0)                   0.000    10.000    clk
    W5                   IBUF (Prop_ibuf_I_O)         1.388    11.388 r  clk_IBUF_inst/O
                         net (fo=1, routed)           1.862    13.250    clk_IBUF
    BUFGCTRL_X0Y0        BUFG (Prop_bufg_I_O)         0.091    13.341 r  clk_IBUF_BUFG_inst/O
                         net (fo=191, routed)         1.440    14.781    BIN_LIVE/CLK
    SLICE_X50Y21         FDRE                                         r  BIN_LIVE/bcd_out_reg[12]/C
                         clock pessimism              0.260    15.041    
                         clock uncertainty           -0.035    15.006    
    SLICE_X50Y21         FDRE (Setup_fdre_C_R)       -0.727    14.279    BIN_LIVE/bcd_out_reg[12]
  -------------------------------------------------------------------
                         required time                         14.279    
                         arrival time                          -9.758    
  -------------------------------------------------------------------
                         slack                                  4.521    

Slack (MET) :             4.521ns  (required time - arrival time)
  Source:                 SYNCHRONIZER/switches_outputs_reg[5]/C
                            (rising edge-triggered cell FDRE clocked by sys_clk_pin  {rise@0.000ns fall@5.000ns period=10.000ns})
  Destination:            BIN_LIVE/bcd_out_reg[4]/R
                            (rising edge-triggered cell FDRE clocked by sys_clk_pin  {rise@0.000ns fall@5.000ns period=10.000ns})
  Path Group:             sys_clk_pin
  Path Type:              Setup (Max at Slow Process Corner)
  Requirement:            10.000ns  (sys_clk_pin rise@10.000ns - sys_clk_pin rise@0.000ns)
  Data Path Delay:        4.677ns  (logic 1.043ns (22.301%)  route 3.634ns (77.699%))
  Logic Levels:           4  (LUT2=1 LUT3=1 LUT5=1 LUT6=1)
  Clock Path Skew:        -0.040ns (DCD - SCD + CPR)
    Destination Clock Delay (DCD):    4.781ns = ( 14.781 - 10.000 ) 
    Source Clock Delay      (SCD):    5.081ns
    Clock Pessimism Removal (CPR):    0.260ns
  Clock Uncertainty:      0.035ns  ((TSJ^2 + TIJ^2)^1/2 + DJ) / 2 + PE
    Total System Jitter     (TSJ):    0.071ns
    Total Input Jitter      (TIJ):    0.000ns
    Discrete Jitter          (DJ):    0.000ns
    Phase Error              (PE):    0.000ns

    Location             Delay type                Incr(ns)  Path(ns)    Netlist Resource(s)
  -------------------------------------------------------------------    -------------------
                         (clock sys_clk_pin rise edge)
                                                      0.000     0.000 r  
    W5                                                0.000     0.000 r  clk (IN)
                         net (fo=0)                   0.000     0.000    clk
    W5                   IBUF (Prop_ibuf_I_O)         1.458     1.458 r  clk_IBUF_inst/O
                         net (fo=1, routed)           1.967     3.425    clk_IBUF
    BUFGCTRL_X0Y0        BUFG (Prop_bufg_I_O)         0.096     3.521 r  clk_IBUF_BUFG_inst/O
                         net (fo=191, routed)         1.560     5.081    SYNCHRONIZER/CLK
    SLICE_X54Y18         FDRE                                         r  SYNCHRONIZER/switches_outputs_reg[5]/C
  -------------------------------------------------------------------    -------------------
    SLICE_X54Y18         FDRE (Prop_fdre_C_Q)         0.518     5.599 r  SYNCHRONIZER/switches_outputs_reg[5]/Q
                         net (fo=4, routed)           0.986     6.585    SYNCHRONIZER/Q[10]
    SLICE_X51Y18         LUT5 (Prop_lut5_I0_O)        0.124     6.709 f  SYNCHRONIZER/count[4]_i_5/O
                         net (fo=1, routed)           0.437     7.147    SYNCHRONIZER/count[4]_i_5_n_0
    SLICE_X52Y20         LUT6 (Prop_lut6_I2_O)        0.124     7.271 r  SYNCHRONIZER/count[4]_i_4/O
                         net (fo=1, routed)           0.466     7.736    SYNCHRONIZER/count[4]_i_4_n_0
    SLICE_X52Y20         LUT3 (Prop_lut3_I1_O)        0.124     7.860 r  SYNCHRONIZER/count[4]_i_3/O
                         net (fo=14, routed)          0.820     8.680    SYNCHRONIZER/switches_outputs_reg[1]_0
    SLICE_X51Y18         LUT2 (Prop_lut2_I1_O)        0.153     8.833 r  SYNCHRONIZER/count[4]_i_1__0/O
                         net (fo=41, routed)          0.925     9.758    BIN_LIVE/SR[0]
    SLICE_X50Y21         FDRE                                         r  BIN_LIVE/bcd_out_reg[4]/R
  -------------------------------------------------------------------    -------------------

                         (clock sys_clk_pin rise edge)
                                                     10.000    10.000 r  
    W5                                                0.000    10.000 r  clk (IN)
                         net (fo=0)                   0.000    10.000    clk
    W5                   IBUF (Prop_ibuf_I_O)         1.388    11.388 r  clk_IBUF_inst/O
                         net (fo=1, routed)           1.862    13.250    clk_IBUF
    BUFGCTRL_X0Y0        BUFG (Prop_bufg_I_O)         0.091    13.341 r  clk_IBUF_BUFG_inst/O
                         net (fo=191, routed)         1.440    14.781    BIN_LIVE/CLK
    SLICE_X50Y21         FDRE                                         r  BIN_LIVE/bcd_out_reg[4]/C
                         clock pessimism              0.260    15.041    
                         clock uncertainty           -0.035    15.006    
    SLICE_X50Y21         FDRE (Setup_fdre_C_R)       -0.727    14.279    BIN_LIVE/bcd_out_reg[4]
  -------------------------------------------------------------------
                         required time                         14.279    
                         arrival time                          -9.758    
  -------------------------------------------------------------------
                         slack                                  4.521    

Slack (MET) :             4.521ns  (required time - arrival time)
  Source:                 SYNCHRONIZER/switches_outputs_reg[5]/C
                            (rising edge-triggered cell FDRE clocked by sys_clk_pin  {rise@0.000ns fall@5.000ns period=10.000ns})
  Destination:            BIN_LIVE/bcd_out_reg[8]/R
                            (rising edge-triggered cell FDRE clocked by sys_clk_pin  {rise@0.000ns fall@5.000ns period=10.000ns})
  Path Group:             sys_clk_pin
  Path Type:              Setup (Max at Slow Process Corner)
  Requirement:            10.000ns  (sys_clk_pin rise@10.000ns - sys_clk_pin rise@0.000ns)
  Data Path Delay:        4.677ns  (logic 1.043ns (22.301%)  route 3.634ns (77.699%))
  Logic Levels:           4  (LUT2=1 LUT3=1 LUT5=1 LUT6=1)
  Clock Path Skew:        -0.040ns (DCD - SCD + CPR)
    Destination Clock Delay (DCD):    4.781ns = ( 14.781 - 10.000 ) 
    Source Clock Delay      (SCD):    5.081ns
    Clock Pessimism Removal (CPR):    0.260ns
  Clock Uncertainty:      0.035ns  ((TSJ^2 + TIJ^2)^1/2 + DJ) / 2 + PE
    Total System Jitter     (TSJ):    0.071ns
    Total Input Jitter      (TIJ):    0.000ns
    Discrete Jitter          (DJ):    0.000ns
    Phase Error              (PE):    0.000ns

    Location             Delay type                Incr(ns)  Path(ns)    Netlist Resource(s)
  -------------------------------------------------------------------    -------------------
                         (clock sys_clk_pin rise edge)
                                                      0.000     0.000 r  
    W5                                                0.000     0.000 r  clk (IN)
                         net (fo=0)                   0.000     0.000    clk
    W5                   IBUF (Prop_ibuf_I_O)         1.458     1.458 r  clk_IBUF_inst/O
                         net (fo=1, routed)           1.967     3.425    clk_IBUF
    BUFGCTRL_X0Y0        BUFG (Prop_bufg_I_O)         0.096     3.521 r  clk_IBUF_BUFG_inst/O
                         net (fo=191, routed)         1.560     5.081    SYNCHRONIZER/CLK
    SLICE_X54Y18         FDRE                                         r  SYNCHRONIZER/switches_outputs_reg[5]/C
  -------------------------------------------------------------------    -------------------
    SLICE_X54Y18         FDRE (Prop_fdre_C_Q)         0.518     5.599 r  SYNCHRONIZER/switches_outputs_reg[5]/Q
                         net (fo=4, routed)           0.986     6.585    SYNCHRONIZER/Q[10]
    SLICE_X51Y18         LUT5 (Prop_lut5_I0_O)        0.124     6.709 f  SYNCHRONIZER/count[4]_i_5/O
                         net (fo=1, routed)           0.437     7.147    SYNCHRONIZER/count[4]_i_5_n_0
    SLICE_X52Y20         LUT6 (Prop_lut6_I2_O)        0.124     7.271 r  SYNCHRONIZER/count[4]_i_4/O
                         net (fo=1, routed)           0.466     7.736    SYNCHRONIZER/count[4]_i_4_n_0
    SLICE_X52Y20         LUT3 (Prop_lut3_I1_O)        0.124     7.860 r  SYNCHRONIZER/count[4]_i_3/O
                         net (fo=14, routed)          0.820     8.680    SYNCHRONIZER/switches_outputs_reg[1]_0
    SLICE_X51Y18         LUT2 (Prop_lut2_I1_O)        0.153     8.833 r  SYNCHRONIZER/count[4]_i_1__0/O
                         net (fo=41, routed)          0.925     9.758    BIN_LIVE/SR[0]
    SLICE_X50Y21         FDRE                                         r  BIN_LIVE/bcd_out_reg[8]/R
  -------------------------------------------------------------------    -------------------

                         (clock sys_clk_pin rise edge)
                                                     10.000    10.000 r  
    W5                                                0.000    10.000 r  clk (IN)
                         net (fo=0)                   0.000    10.000    clk
    W5                   IBUF (Prop_ibuf_I_O)         1.388    11.388 r  clk_IBUF_inst/O
                         net (fo=1, routed)           1.862    13.250    clk_IBUF
    BUFGCTRL_X0Y0        BUFG (Prop_bufg_I_O)         0.091    13.341 r  clk_IBUF_BUFG_inst/O
                         net (fo=191, routed)         1.440    14.781    BIN_LIVE/CLK
    SLICE_X50Y21         FDRE                                         r  BIN_LIVE/bcd_out_reg[8]/C
                         clock pessimism              0.260    15.041    
                         clock uncertainty           -0.035    15.006    
    SLICE_X50Y21         FDRE (Setup_fdre_C_R)       -0.727    14.279    BIN_LIVE/bcd_out_reg[8]
  -------------------------------------------------------------------
                         required time                         14.279    
                         arrival time                          -9.758    
  -------------------------------------------------------------------
                         slack                                  4.521    

Slack (MET) :             4.608ns  (required time - arrival time)
  Source:                 SYNCHRONIZER/switches_outputs_reg[5]/C
                            (rising edge-triggered cell FDRE clocked by sys_clk_pin  {rise@0.000ns fall@5.000ns period=10.000ns})
  Destination:            BIN_LIVE/scratch_reg[10]/R
                            (rising edge-triggered cell FDRE clocked by sys_clk_pin  {rise@0.000ns fall@5.000ns period=10.000ns})
  Path Group:             sys_clk_pin
  Path Type:              Setup (Max at Slow Process Corner)
  Requirement:            10.000ns  (sys_clk_pin rise@10.000ns - sys_clk_pin rise@0.000ns)
  Data Path Delay:        4.590ns  (logic 1.043ns (22.724%)  route 3.547ns (77.276%))
  Logic Levels:           4  (LUT2=1 LUT3=1 LUT5=1 LUT6=1)
  Clock Path Skew:        -0.040ns (DCD - SCD + CPR)
    Destination Clock Delay (DCD):    4.781ns = ( 14.781 - 10.000 ) 
    Source Clock Delay      (SCD):    5.081ns
    Clock Pessimism Removal (CPR):    0.260ns
  Clock Uncertainty:      0.035ns  ((TSJ^2 + TIJ^2)^1/2 + DJ) / 2 + PE
    Total System Jitter     (TSJ):    0.071ns
    Total Input Jitter      (TIJ):    0.000ns
    Discrete Jitter          (DJ):    0.000ns
    Phase Error              (PE):    0.000ns

    Location             Delay type                Incr(ns)  Path(ns)    Netlist Resource(s)
  -------------------------------------------------------------------    -------------------
                         (clock sys_clk_pin rise edge)
                                                      0.000     0.000 r  
    W5                                                0.000     0.000 r  clk (IN)
                         net (fo=0)                   0.000     0.000    clk
    W5                   IBUF (Prop_ibuf_I_O)         1.458     1.458 r  clk_IBUF_inst/O
                         net (fo=1, routed)           1.967     3.425    clk_IBUF
    BUFGCTRL_X0Y0        BUFG (Prop_bufg_I_O)         0.096     3.521 r  clk_IBUF_BUFG_inst/O
                         net (fo=191, routed)         1.560     5.081    SYNCHRONIZER/CLK
    SLICE_X54Y18         FDRE                                         r  SYNCHRONIZER/switches_outputs_reg[5]/C
  -------------------------------------------------------------------    -------------------
    SLICE_X54Y18         FDRE (Prop_fdre_C_Q)         0.518     5.599 r  SYNCHRONIZER/switches_outputs_reg[5]/Q
                         net (fo=4, routed)           0.986     6.585    SYNCHRONIZER/Q[10]
    SLICE_X51Y18         LUT5 (Prop_lut5_I0_O)        0.124     6.709 f  SYNCHRONIZER/count[4]_i_5/O
                         net (fo=1, routed)           0.437     7.147    SYNCHRONIZER/count[4]_i_5_n_0
    SLICE_X52Y20         LUT6 (Prop_lut6_I2_O)        0.124     7.271 r  SYNCHRONIZER/count[4]_i_4/O
                         net (fo=1, routed)           0.466     7.736    SYNCHRONIZER/count[4]_i_4_n_0
    SLICE_X52Y20         LUT3 (Prop_lut3_I1_O)        0.124     7.860 r  SYNCHRONIZER/count[4]_i_3/O
                         net (fo=14, routed)          0.820     8.680    SYNCHRONIZER/switches_outputs_reg[1]_0
    SLICE_X51Y18         LUT2 (Prop_lut2_I1_O)        0.153     8.833 r  SYNCHRONIZER/count[4]_i_1__0/O
                         net (fo=41, routed)          0.838     9.671    BIN_LIVE/SR[0]
    SLICE_X52Y21         FDRE                                         r  BIN_LIVE/scratch_reg[10]/R
  -------------------------------------------------------------------    -------------------

                         (clock sys_clk_pin rise edge)
                                                     10.000    10.000 r  
    W5                                                0.000    10.000 r  clk (IN)
                         net (fo=0)                   0.000    10.000    clk
    W5                   IBUF (Prop_ibuf_I_O)         1.388    11.388 r  clk_IBUF_inst/O
                         net (fo=1, routed)           1.862    13.250    clk_IBUF
    BUFGCTRL_X0Y0        BUFG (Prop_bufg_I_O)         0.091    13.341 r  clk_IBUF_BUFG_inst/O
                         net (fo=191, routed)         1.440    14.781    BIN_LIVE/CLK
    SLICE_X52Y21         FDRE                                         r  BIN_LIVE/scratch_reg[10]/C
                         clock pessimism              0.260    15.041    
                         clock uncertainty           -0.035    15.006    
    SLICE_X52Y21         FDRE (Setup_fdre_C_R)       -0.727    14.279    BIN_LIVE/scratch_reg[10]
  -------------------------------------------------------------------
                         required time                         14.279    
                         arrival time                          -9.671    
  -------------------------------------------------------------------
                         slack                                  4.608    

Slack (MET) :             4.608ns  (required time - arrival time)
  Source:                 SYNCHRONIZER/switches_outputs_reg[5]/C
                            (rising edge-triggered cell FDRE clocked by sys_clk_pin  {rise@0.000ns fall@5.000ns period=10.000ns})
  Destination:            BIN_LIVE/scratch_reg[11]/R
                            (rising edge-triggered cell FDRE clocked by sys_clk_pin  {rise@0.000ns fall@5.000ns period=10.000ns})
  Path Group:             sys_clk_pin
  Path Type:              Setup (Max at Slow Process Corner)
  Requirement:            10.000ns  (sys_clk_pin rise@10.000ns - sys_clk_pin rise@0.000ns)
  Data Path Delay:        4.590ns  (logic 1.043ns (22.724%)  route 3.547ns (77.276%))
  Logic Levels:           4  (LUT2=1 LUT3=1 LUT5=1 LUT6=1)
  Clock Path Skew:        -0.040ns (DCD - SCD + CPR)
    Destination Clock Delay (DCD):    4.781ns = ( 14.781 - 10.000 ) 
    Source Clock Delay      (SCD):    5.081ns
    Clock Pessimism Removal (CPR):    0.260ns
  Clock Uncertainty:      0.035ns  ((TSJ^2 + TIJ^2)^1/2 + DJ) / 2 + PE
    Total System Jitter     (TSJ):    0.071ns
    Total Input Jitter      (TIJ):    0.000ns
    Discrete Jitter          (DJ):    0.000ns
    Phase Error              (PE):    0.000ns

    Location             Delay type                Incr(ns)  Path(ns)    Netlist Resource(s)
  -------------------------------------------------------------------    -------------------
                         (clock sys_clk_pin rise edge)
                                                      0.000     0.000 r  
    W5                                                0.000     0.000 r  clk (IN)
                         net (fo=0)                   0.000     0.000    clk
    W5                   IBUF (Prop_ibuf_I_O)         1.458     1.458 r  clk_IBUF_inst/O
                         net (fo=1, routed)           1.967     3.425    clk_IBUF
    BUFGCTRL_X0Y0        BUFG (Prop_bufg_I_O)         0.096     3.521 r  clk_IBUF_BUFG_inst/O
                         net (fo=191, routed)         1.560     5.081    SYNCHRONIZER/CLK
    SLICE_X54Y18         FDRE                                         r  SYNCHRONIZER/switches_outputs_reg[5]/C
  -------------------------------------------------------------------    -------------------
    SLICE_X54Y18         FDRE (Prop_fdre_C_Q)         0.518     5.599 r  SYNCHRONIZER/switches_outputs_reg[5]/Q
                         net (fo=4, routed)           0.986     6.585    SYNCHRONIZER/Q[10]
    SLICE_X51Y18         LUT5 (Prop_lut5_I0_O)        0.124     6.709 f  SYNCHRONIZER/count[4]_i_5/O
                         net (fo=1, routed)           0.437     7.147    SYNCHRONIZER/count[4]_i_5_n_0
    SLICE_X52Y20         LUT6 (Prop_lut6_I2_O)        0.124     7.271 r  SYNCHRONIZER/count[4]_i_4/O
                         net (fo=1, routed)           0.466     7.736    SYNCHRONIZER/count[4]_i_4_n_0
    SLICE_X52Y20         LUT3 (Prop_lut3_I1_O)        0.124     7.860 r  SYNCHRONIZER/count[4]_i_3/O
                         net (fo=14, routed)          0.820     8.680    SYNCHRONIZER/switches_outputs_reg[1]_0
    SLICE_X51Y18         LUT2 (Prop_lut2_I1_O)        0.153     8.833 r  SYNCHRONIZER/count[4]_i_1__0/O
                         net (fo=41, routed)          0.838     9.671    BIN_LIVE/SR[0]
    SLICE_X52Y21         FDRE                                         r  BIN_LIVE/scratch_reg[11]/R
  -------------------------------------------------------------------    -------------------

                         (clock sys_clk_pin rise edge)
                                                     10.000    10.000 r  
    W5                                                0.000    10.000 r  clk (IN)
                         net (fo=0)                   0.000    10.000    clk
    W5                   IBUF (Prop_ibuf_I_O)         1.388    11.388 r  clk_IBUF_inst/O
                         net (fo=1, routed)           1.862    13.250    clk_IBUF
    BUFGCTRL_X0Y0        BUFG (Prop_bufg_I_O)         0.091    13.341 r  clk_IBUF_BUFG_inst/O
                         net (fo=191, routed)         1.440    14.781    BIN_LIVE/CLK
    SLICE_X52Y21         FDRE                                         r  BIN_LIVE/scratch_reg[11]/C
                         clock pessimism              0.260    15.041    
                         clock uncertainty           -0.035    15.006    
    SLICE_X52Y21         FDRE (Setup_fdre_C_R)       -0.727    14.279    BIN_LIVE/scratch_reg[11]
  -------------------------------------------------------------------
                         required time                         14.279    
                         arrival time                          -9.671    
  -------------------------------------------------------------------
                         slack                                  4.608    





Min Delay Paths
--------------------------------------------------------------------------------------
Slack (MET) :             0.109ns  (arrival time - required time)
  Source:                 BIN_STORED/scratch_reg[3]/C
                            (rising edge-triggered cell FDRE clocked by sys_clk_pin  {rise@0.000ns fall@5.000ns period=10.000ns})
  Destination:            BIN_STORED/scratch_reg[4]/D
                            (rising edge-triggered cell FDRE clocked by sys_clk_pin  {rise@0.000ns fall@5.000ns period=10.000ns})
  Path Group:             sys_clk_pin
  Path Type:              Hold (Min at Fast Process Corner)
  Requirement:            0.000ns  (sys_clk_pin rise@0.000ns - sys_clk_pin rise@0.000ns)
  Data Path Delay:        0.242ns  (logic 0.186ns (76.827%)  route 0.056ns (23.174%))
  Logic Levels:           1  (LUT4=1)
  Clock Path Skew:        0.013ns (DCD - SCD - CPR)
    Destination Clock Delay (DCD):    1.957ns
    Source Clock Delay      (SCD):    1.444ns
    Clock Pessimism Removal (CPR):    0.500ns

    Location             Delay type                Incr(ns)  Path(ns)    Netlist Resource(s)
  -------------------------------------------------------------------    -------------------
                         (clock sys_clk_pin rise edge)
                                                      0.000     0.000 r  
    W5                                                0.000     0.000 r  clk (IN)
                         net (fo=0)                   0.000     0.000    clk
    W5                   IBUF (Prop_ibuf_I_O)         0.226     0.226 r  clk_IBUF_inst/O
                         net (fo=1, routed)           0.631     0.858    clk_IBUF
    BUFGCTRL_X0Y0        BUFG (Prop_bufg_I_O)         0.026     0.884 r  clk_IBUF_BUFG_inst/O
                         net (fo=191, routed)         0.561     1.444    BIN_STORED/CLK
    SLICE_X51Y16         FDRE                                         r  BIN_STORED/scratch_reg[3]/C
  -------------------------------------------------------------------    -------------------
    SLICE_X51Y16         FDRE (Prop_fdre_C_Q)         0.141     1.585 r  BIN_STORED/scratch_reg[3]/Q
                         net (fo=1, routed)           0.056     1.641    BIN_STORED/scratch_reg_n_0_[3]
    SLICE_X50Y16         LUT4 (Prop_lut4_I1_O)        0.045     1.686 r  BIN_STORED/scratch[4]_i_1/O
                         net (fo=1, routed)           0.000     1.686    BIN_STORED/next_scratch[4]
    SLICE_X50Y16         FDRE                                         r  BIN_STORED/scratch_reg[4]/D
  -------------------------------------------------------------------    -------------------

                         (clock sys_clk_pin rise edge)
                                                      0.000     0.000 r  
    W5                                                0.000     0.000 r  clk (IN)
                         net (fo=0)                   0.000     0.000    clk
    W5                   IBUF (Prop_ibuf_I_O)         0.414     0.414 r  clk_IBUF_inst/O
                         net (fo=1, routed)           0.685     1.099    clk_IBUF
    BUFGCTRL_X0Y0        BUFG (Prop_bufg_I_O)         0.029     1.128 r  clk_IBUF_BUFG_inst/O
                         net (fo=191, routed)         0.830     1.957    BIN_STORED/CLK
    SLICE_X50Y16         FDRE                                         r  BIN_STORED/scratch_reg[4]/C
                         clock pessimism             -0.500     1.457    
    SLICE_X50Y16         FDRE (Hold_fdre_C_D)         0.120     1.577    BIN_STORED/scratch_reg[4]
  -------------------------------------------------------------------
                         required time                         -1.577    
                         arrival time                           1.686    
  -------------------------------------------------------------------
                         slack                                  0.109    

Slack (MET) :             0.130ns  (arrival time - required time)
  Source:                 SYNCHRONIZER/switches_outputs_reg[7]/C
                            (rising edge-triggered cell FDRE clocked by sys_clk_pin  {rise@0.000ns fall@5.000ns period=10.000ns})
  Destination:            BIN_LIVE/scratch_reg[8]/D
                            (rising edge-triggered cell FDRE clocked by sys_clk_pin  {rise@0.000ns fall@5.000ns period=10.000ns})
  Path Group:             sys_clk_pin
  Path Type:              Hold (Min at Fast Process Corner)
  Requirement:            0.000ns  (sys_clk_pin rise@0.000ns - sys_clk_pin rise@0.000ns)
  Data Path Delay:        0.264ns  (logic 0.186ns (70.338%)  route 0.078ns (29.662%))
  Logic Levels:           1  (LUT4=1)
  Clock Path Skew:        0.013ns (DCD - SCD - CPR)
    Destination Clock Delay (DCD):    1.951ns
    Source Clock Delay      (SCD):    1.439ns
    Clock Pessimism Removal (CPR):    0.499ns

    Location             Delay type                Incr(ns)  Path(ns)    Netlist Resource(s)
  -------------------------------------------------------------------    -------------------
                         (clock sys_clk_pin rise edge)
                                                      0.000     0.000 r  
    W5                                                0.000     0.000 r  clk (IN)
                         net (fo=0)                   0.000     0.000    clk
    W5                   IBUF (Prop_ibuf_I_O)         0.226     0.226 r  clk_IBUF_inst/O
                         net (fo=1, routed)           0.631     0.858    clk_IBUF
    BUFGCTRL_X0Y0        BUFG (Prop_bufg_I_O)         0.026     0.884 r  clk_IBUF_BUFG_inst/O
                         net (fo=191, routed)         0.556     1.439    SYNCHRONIZER/CLK
    SLICE_X53Y22         FDRE                                         r  SYNCHRONIZER/switches_outputs_reg[7]/C
  -------------------------------------------------------------------    -------------------
    SLICE_X53Y22         FDRE (Prop_fdre_C_Q)         0.141     1.580 r  SYNCHRONIZER/switches_outputs_reg[7]/Q
                         net (fo=4, routed)           0.078     1.659    BIN_LIVE/Q[8]
    SLICE_X52Y22         LUT4 (Prop_lut4_I3_O)        0.045     1.704 r  BIN_LIVE/scratch[8]_i_1__0/O
                         net (fo=1, routed)           0.000     1.704    BIN_LIVE/next_scratch[8]
    SLICE_X52Y22         FDRE                                         r  BIN_LIVE/scratch_reg[8]/D
  -------------------------------------------------------------------    -------------------

                         (clock sys_clk_pin rise edge)
                                                      0.000     0.000 r  
    W5                                                0.000     0.000 r  clk (IN)
                         net (fo=0)                   0.000     0.000    clk
    W5                   IBUF (Prop_ibuf_I_O)         0.414     0.414 r  clk_IBUF_inst/O
                         net (fo=1, routed)           0.685     1.099    clk_IBUF
    BUFGCTRL_X0Y0        BUFG (Prop_bufg_I_O)         0.029     1.128 r  clk_IBUF_BUFG_inst/O
                         net (fo=191, routed)         0.824     1.951    BIN_LIVE/CLK
    SLICE_X52Y22         FDRE                                         r  BIN_LIVE/scratch_reg[8]/C
                         clock pessimism             -0.499     1.452    
    SLICE_X52Y22         FDRE (Hold_fdre_C_D)         0.121     1.573    BIN_LIVE/scratch_reg[8]
  -------------------------------------------------------------------
                         required time                         -1.573    
                         arrival time                           1.704    
  -------------------------------------------------------------------
                         slack                                  0.130    

Slack (MET) :             0.165ns  (arrival time - required time)
  Source:                 BIN_STORED/scratch_reg[16]/C
                            (rising edge-triggered cell FDRE clocked by sys_clk_pin  {rise@0.000ns fall@5.000ns period=10.000ns})
  Destination:            BIN_STORED/bcd_out_reg[0]/D
                            (rising edge-triggered cell FDRE clocked by sys_clk_pin  {rise@0.000ns fall@5.000ns period=10.000ns})
  Path Group:             sys_clk_pin
  Path Type:              Hold (Min at Fast Process Corner)
  Requirement:            0.000ns  (sys_clk_pin rise@0.000ns - sys_clk_pin rise@0.000ns)
  Data Path Delay:        0.269ns  (logic 0.141ns (52.328%)  route 0.128ns (47.672%))
  Logic Levels:           0  
  Clock Path Skew:        0.034ns (DCD - SCD - CPR)
    Destination Clock Delay (DCD):    1.954ns
    Source Clock Delay      (SCD):    1.442ns
    Clock Pessimism Removal (CPR):    0.478ns

    Location             Delay type                Incr(ns)  Path(ns)    Netlist Resource(s)
  -------------------------------------------------------------------    -------------------
                         (clock sys_clk_pin rise edge)
                                                      0.000     0.000 r  
    W5                                                0.000     0.000 r  clk (IN)
                         net (fo=0)                   0.000     0.000    clk
    W5                   IBUF (Prop_ibuf_I_O)         0.226     0.226 r  clk_IBUF_inst/O
                         net (fo=1, routed)           0.631     0.858    clk_IBUF
    BUFGCTRL_X0Y0        BUFG (Prop_bufg_I_O)         0.026     0.884 r  clk_IBUF_BUFG_inst/O
                         net (fo=191, routed)         0.559     1.442    BIN_STORED/CLK
    SLICE_X49Y18         FDRE                                         r  BIN_STORED/scratch_reg[16]/C
  -------------------------------------------------------------------    -------------------
    SLICE_X49Y18         FDRE (Prop_fdre_C_Q)         0.141     1.583 r  BIN_STORED/scratch_reg[16]/Q
                         net (fo=5, routed)           0.128     1.712    BIN_STORED/scratch_reg_n_0_[16]
    SLICE_X51Y19         FDRE                                         r  BIN_STORED/bcd_out_reg[0]/D
  -------------------------------------------------------------------    -------------------

                         (clock sys_clk_pin rise edge)
                                                      0.000     0.000 r  
    W5                                                0.000     0.000 r  clk (IN)
                         net (fo=0)                   0.000     0.000    clk
    W5                   IBUF (Prop_ibuf_I_O)         0.414     0.414 r  clk_IBUF_inst/O
                         net (fo=1, routed)           0.685     1.099    clk_IBUF
    BUFGCTRL_X0Y0        BUFG (Prop_bufg_I_O)         0.029     1.128 r  clk_IBUF_BUFG_inst/O
                         net (fo=191, routed)         0.827     1.954    BIN_STORED/CLK
    SLICE_X51Y19         FDRE                                         r  BIN_STORED/bcd_out_reg[0]/C
                         clock pessimism             -0.478     1.476    
    SLICE_X51Y19         FDRE (Hold_fdre_C_D)         0.070     1.546    BIN_STORED/bcd_out_reg[0]
  -------------------------------------------------------------------
                         required time                         -1.546    
                         arrival time                           1.712    
  -------------------------------------------------------------------
                         slack                                  0.165    

Slack (MET) :             0.167ns  (arrival time - required time)
  Source:                 SYNCHRONIZER/n1_reg[14]/C
                            (rising edge-triggered cell FDRE clocked by sys_clk_pin  {rise@0.000ns fall@5.000ns period=10.000ns})
  Destination:            SYNCHRONIZER/switches_outputs_reg[14]/D
                            (rising edge-triggered cell FDRE clocked by sys_clk_pin  {rise@0.000ns fall@5.000ns period=10.000ns})
  Path Group:             sys_clk_pin
  Path Type:              Hold (Min at Fast Process Corner)
  Requirement:            0.000ns  (sys_clk_pin rise@0.000ns - sys_clk_pin rise@0.000ns)
  Data Path Delay:        0.220ns  (logic 0.164ns (74.580%)  route 0.056ns (25.420%))
  Logic Levels:           0  
  Clock Path Skew:        0.000ns (DCD - SCD - CPR)
    Destination Clock Delay (DCD):    1.951ns
    Source Clock Delay      (SCD):    1.439ns
    Clock Pessimism Removal (CPR):    0.512ns

    Location             Delay type                Incr(ns)  Path(ns)    Netlist Resource(s)
  -------------------------------------------------------------------    -------------------
                         (clock sys_clk_pin rise edge)
                                                      0.000     0.000 r  
    W5                                                0.000     0.000 r  clk (IN)
                         net (fo=0)                   0.000     0.000    clk
    W5                   IBUF (Prop_ibuf_I_O)         0.226     0.226 r  clk_IBUF_inst/O
                         net (fo=1, routed)           0.631     0.858    clk_IBUF
    BUFGCTRL_X0Y0        BUFG (Prop_bufg_I_O)         0.026     0.884 r  clk_IBUF_BUFG_inst/O
                         net (fo=191, routed)         0.556     1.439    SYNCHRONIZER/CLK
    SLICE_X46Y19         FDRE                                         r  SYNCHRONIZER/n1_reg[14]/C
  -------------------------------------------------------------------    -------------------
    SLICE_X46Y19         FDRE (Prop_fdre_C_Q)         0.164     1.603 r  SYNCHRONIZER/n1_reg[14]/Q
                         net (fo=2, routed)           0.056     1.659    SYNCHRONIZER/n1[14]
    SLICE_X46Y19         FDRE                                         r  SYNCHRONIZER/switches_outputs_reg[14]/D
  -------------------------------------------------------------------    -------------------

                         (clock sys_clk_pin rise edge)
                                                      0.000     0.000 r  
    W5                                                0.000     0.000 r  clk (IN)
                         net (fo=0)                   0.000     0.000    clk
    W5                   IBUF (Prop_ibuf_I_O)         0.414     0.414 r  clk_IBUF_inst/O
                         net (fo=1, routed)           0.685     1.099    clk_IBUF
    BUFGCTRL_X0Y0        BUFG (Prop_bufg_I_O)         0.029     1.128 r  clk_IBUF_BUFG_inst/O
                         net (fo=191, routed)         0.824     1.951    SYNCHRONIZER/CLK
    SLICE_X46Y19         FDRE                                         r  SYNCHRONIZER/switches_outputs_reg[14]/C
                         clock pessimism             -0.512     1.439    
    SLICE_X46Y19         FDRE (Hold_fdre_C_D)         0.053     1.492    SYNCHRONIZER/switches_outputs_reg[14]
  -------------------------------------------------------------------
                         required time                         -1.492    
                         arrival time                           1.659    
  -------------------------------------------------------------------
                         slack                                  0.167    

Slack (MET) :             0.172ns  (arrival time - required time)
  Source:                 SYNCHRONIZER/n1_reg[13]/C
                            (rising edge-triggered cell FDRE clocked by sys_clk_pin  {rise@0.000ns fall@5.000ns period=10.000ns})
  Destination:            SYNCHRONIZER/switches_outputs_reg[13]_lopt_replica/D
                            (rising edge-triggered cell FDRE clocked by sys_clk_pin  {rise@0.000ns fall@5.000ns period=10.000ns})
  Path Group:             sys_clk_pin
  Path Type:              Hold (Min at Fast Process Corner)
  Requirement:            0.000ns  (sys_clk_pin rise@0.000ns - sys_clk_pin rise@0.000ns)
  Data Path Delay:        0.232ns  (logic 0.164ns (70.680%)  route 0.068ns (29.320%))
  Logic Levels:           0  
  Clock Path Skew:        0.000ns (DCD - SCD - CPR)
    Destination Clock Delay (DCD):    1.951ns
    Source Clock Delay      (SCD):    1.439ns
    Clock Pessimism Removal (CPR):    0.512ns

    Location             Delay type                Incr(ns)  Path(ns)    Netlist Resource(s)
  -------------------------------------------------------------------    -------------------
                         (clock sys_clk_pin rise edge)
                                                      0.000     0.000 r  
    W5                                                0.000     0.000 r  clk (IN)
                         net (fo=0)                   0.000     0.000    clk
    W5                   IBUF (Prop_ibuf_I_O)         0.226     0.226 r  clk_IBUF_inst/O
                         net (fo=1, routed)           0.631     0.858    clk_IBUF
    BUFGCTRL_X0Y0        BUFG (Prop_bufg_I_O)         0.026     0.884 r  clk_IBUF_BUFG_inst/O
                         net (fo=191, routed)         0.556     1.439    SYNCHRONIZER/CLK
    SLICE_X46Y19         FDRE                                         r  SYNCHRONIZER/n1_reg[13]/C
  -------------------------------------------------------------------    -------------------
    SLICE_X46Y19         FDRE (Prop_fdre_C_Q)         0.164     1.603 r  SYNCHRONIZER/n1_reg[13]/Q
                         net (fo=2, routed)           0.068     1.671    SYNCHRONIZER/n1[13]
    SLICE_X46Y19         FDRE                                         r  SYNCHRONIZER/switches_outputs_reg[13]_lopt_replica/D
  -------------------------------------------------------------------    -------------------

                         (clock sys_clk_pin rise edge)
                                                      0.000     0.000 r  
    W5                                                0.000     0.000 r  clk (IN)
                         net (fo=0)                   0.000     0.000    clk
    W5                   IBUF (Prop_ibuf_I_O)         0.414     0.414 r  clk_IBUF_inst/O
                         net (fo=1, routed)           0.685     1.099    clk_IBUF
    BUFGCTRL_X0Y0        BUFG (Prop_bufg_I_O)         0.029     1.128 r  clk_IBUF_BUFG_inst/O
                         net (fo=191, routed)         0.824     1.951    SYNCHRONIZER/CLK
    SLICE_X46Y19         FDRE                                         r  SYNCHRONIZER/switches_outputs_reg[13]_lopt_replica/C
                         clock pessimism             -0.512     1.439    
    SLICE_X46Y19         FDRE (Hold_fdre_C_D)         0.060     1.499    SYNCHRONIZER/switches_outputs_reg[13]_lopt_replica
  -------------------------------------------------------------------
                         required time                         -1.499    
                         arrival time                           1.671    
  -------------------------------------------------------------------
                         slack                                  0.172    

Slack (MET) :             0.177ns  (arrival time - required time)
  Source:                 BIN_STORED/scratch_reg[10]/C
                            (rising edge-triggered cell FDRE clocked by sys_clk_pin  {rise@0.000ns fall@5.000ns period=10.000ns})
  Destination:            BIN_STORED/scratch_reg[11]/D
                            (rising edge-triggered cell FDRE clocked by sys_clk_pin  {rise@0.000ns fall@5.000ns period=10.000ns})
  Path Group:             sys_clk_pin
  Path Type:              Hold (Min at Fast Process Corner)
  Requirement:            0.000ns  (sys_clk_pin rise@0.000ns - sys_clk_pin rise@0.000ns)
  Data Path Delay:        0.282ns  (logic 0.186ns (65.917%)  route 0.096ns (34.083%))
  Logic Levels:           1  (LUT4=1)
  Clock Path Skew:        0.014ns (DCD - SCD - CPR)
    Destination Clock Delay (DCD):    1.956ns
    Source Clock Delay      (SCD):    1.443ns
    Clock Pessimism Removal (CPR):    0.499ns

    Location             Delay type                Incr(ns)  Path(ns)    Netlist Resource(s)
  -------------------------------------------------------------------    -------------------
                         (clock sys_clk_pin rise edge)
                                                      0.000     0.000 r  
    W5                                                0.000     0.000 r  clk (IN)
                         net (fo=0)                   0.000     0.000    clk
    W5                   IBUF (Prop_ibuf_I_O)         0.226     0.226 r  clk_IBUF_inst/O
                         net (fo=1, routed)           0.631     0.858    clk_IBUF
    BUFGCTRL_X0Y0        BUFG (Prop_bufg_I_O)         0.026     0.884 r  clk_IBUF_BUFG_inst/O
                         net (fo=191, routed)         0.560     1.443    BIN_STORED/CLK
    SLICE_X51Y17         FDRE                                         r  BIN_STORED/scratch_reg[10]/C
  -------------------------------------------------------------------    -------------------
    SLICE_X51Y17         FDRE (Prop_fdre_C_Q)         0.141     1.584 r  BIN_STORED/scratch_reg[10]/Q
                         net (fo=1, routed)           0.096     1.680    BIN_STORED/scratch_reg_n_0_[10]
    SLICE_X53Y17         LUT4 (Prop_lut4_I1_O)        0.045     1.725 r  BIN_STORED/scratch[11]_i_1/O
                         net (fo=1, routed)           0.000     1.725    BIN_STORED/next_scratch[11]
    SLICE_X53Y17         FDRE                                         r  BIN_STORED/scratch_reg[11]/D
  -------------------------------------------------------------------    -------------------

                         (clock sys_clk_pin rise edge)
                                                      0.000     0.000 r  
    W5                                                0.000     0.000 r  clk (IN)
                         net (fo=0)                   0.000     0.000    clk
    W5                   IBUF (Prop_ibuf_I_O)         0.414     0.414 r  clk_IBUF_inst/O
                         net (fo=1, routed)           0.685     1.099    clk_IBUF
    BUFGCTRL_X0Y0        BUFG (Prop_bufg_I_O)         0.029     1.128 r  clk_IBUF_BUFG_inst/O
                         net (fo=191, routed)         0.829     1.956    BIN_STORED/CLK
    SLICE_X53Y17         FDRE                                         r  BIN_STORED/scratch_reg[11]/C
                         clock pessimism             -0.499     1.457    
    SLICE_X53Y17         FDRE (Hold_fdre_C_D)         0.091     1.548    BIN_STORED/scratch_reg[11]
  -------------------------------------------------------------------
                         required time                         -1.548    
                         arrival time                           1.725    
  -------------------------------------------------------------------
                         slack                                  0.177    

Slack (MET) :             0.178ns  (arrival time - required time)
  Source:                 BIN_LIVE/scratch_reg[17]/C
                            (rising edge-triggered cell FDRE clocked by sys_clk_pin  {rise@0.000ns fall@5.000ns period=10.000ns})
  Destination:            BIN_LIVE/scratch_reg[20]/D
                            (rising edge-triggered cell FDRE clocked by sys_clk_pin  {rise@0.000ns fall@5.000ns period=10.000ns})
  Path Group:             sys_clk_pin
  Path Type:              Hold (Min at Fast Process Corner)
  Requirement:            0.000ns  (sys_clk_pin rise@0.000ns - sys_clk_pin rise@0.000ns)
  Data Path Delay:        0.298ns  (logic 0.189ns (63.440%)  route 0.109ns (36.560%))
  Logic Levels:           1  (LUT5=1)
  Clock Path Skew:        0.013ns (DCD - SCD - CPR)
    Destination Clock Delay (DCD):    1.952ns
    Source Clock Delay      (SCD):    1.440ns
    Clock Pessimism Removal (CPR):    0.499ns

    Location             Delay type                Incr(ns)  Path(ns)    Netlist Resource(s)
  -------------------------------------------------------------------    -------------------
                         (clock sys_clk_pin rise edge)
                                                      0.000     0.000 r  
    W5                                                0.000     0.000 r  clk (IN)
                         net (fo=0)                   0.000     0.000    clk
    W5                   IBUF (Prop_ibuf_I_O)         0.226     0.226 r  clk_IBUF_inst/O
                         net (fo=1, routed)           0.631     0.858    clk_IBUF
    BUFGCTRL_X0Y0        BUFG (Prop_bufg_I_O)         0.026     0.884 r  clk_IBUF_BUFG_inst/O
                         net (fo=191, routed)         0.557     1.440    BIN_LIVE/CLK
    SLICE_X48Y20         FDRE                                         r  BIN_LIVE/scratch_reg[17]/C
  -------------------------------------------------------------------    -------------------
    SLICE_X48Y20         FDRE (Prop_fdre_C_Q)         0.141     1.581 r  BIN_LIVE/scratch_reg[17]/Q
                         net (fo=5, routed)           0.109     1.690    BIN_LIVE/scratch_reg_n_0_[17]
    SLICE_X49Y20         LUT5 (Prop_lut5_I2_O)        0.048     1.738 r  BIN_LIVE/scratch[20]_i_1__0/O
                         net (fo=1, routed)           0.000     1.738    BIN_LIVE/next_scratch[20]
    SLICE_X49Y20         FDRE                                         r  BIN_LIVE/scratch_reg[20]/D
  -------------------------------------------------------------------    -------------------

                         (clock sys_clk_pin rise edge)
                                                      0.000     0.000 r  
    W5                                                0.000     0.000 r  clk (IN)
                         net (fo=0)                   0.000     0.000    clk
    W5                   IBUF (Prop_ibuf_I_O)         0.414     0.414 r  clk_IBUF_inst/O
                         net (fo=1, routed)           0.685     1.099    clk_IBUF
    BUFGCTRL_X0Y0        BUFG (Prop_bufg_I_O)         0.029     1.128 r  clk_IBUF_BUFG_inst/O
                         net (fo=191, routed)         0.825     1.952    BIN_LIVE/CLK
    SLICE_X49Y20         FDRE                                         r  BIN_LIVE/scratch_reg[20]/C
                         clock pessimism             -0.499     1.453    
    SLICE_X49Y20         FDRE (Hold_fdre_C_D)         0.107     1.560    BIN_LIVE/scratch_reg[20]
  -------------------------------------------------------------------
                         required time                         -1.560    
                         arrival time                           1.738    
  -------------------------------------------------------------------
                         slack                                  0.178    

Slack (MET) :             0.180ns  (arrival time - required time)
  Source:                 regi/reg_output_reg[6]/C
                            (rising edge-triggered cell FDRE clocked by sys_clk_pin  {rise@0.000ns fall@5.000ns period=10.000ns})
  Destination:            BIN_STORED/scratch_reg[6]/D
                            (rising edge-triggered cell FDRE clocked by sys_clk_pin  {rise@0.000ns fall@5.000ns period=10.000ns})
  Path Group:             sys_clk_pin
  Path Type:              Hold (Min at Fast Process Corner)
  Requirement:            0.000ns  (sys_clk_pin rise@0.000ns - sys_clk_pin rise@0.000ns)
  Data Path Delay:        0.316ns  (logic 0.209ns (66.038%)  route 0.107ns (33.962%))
  Logic Levels:           1  (LUT4=1)
  Clock Path Skew:        0.015ns (DCD - SCD - CPR)
    Destination Clock Delay (DCD):    1.957ns
    Source Clock Delay      (SCD):    1.443ns
    Clock Pessimism Removal (CPR):    0.499ns

    Location             Delay type                Incr(ns)  Path(ns)    Netlist Resource(s)
  -------------------------------------------------------------------    -------------------
                         (clock sys_clk_pin rise edge)
                                                      0.000     0.000 r  
    W5                                                0.000     0.000 r  clk (IN)
                         net (fo=0)                   0.000     0.000    clk
    W5                   IBUF (Prop_ibuf_I_O)         0.226     0.226 r  clk_IBUF_inst/O
                         net (fo=1, routed)           0.631     0.858    clk_IBUF
    BUFGCTRL_X0Y0        BUFG (Prop_bufg_I_O)         0.026     0.884 r  clk_IBUF_BUFG_inst/O
                         net (fo=191, routed)         0.560     1.443    regi/CLK
    SLICE_X52Y17         FDRE                                         r  regi/reg_output_reg[6]/C
  -------------------------------------------------------------------    -------------------
    SLICE_X52Y17         FDRE (Prop_fdre_C_Q)         0.164     1.607 r  regi/reg_output_reg[6]/Q
                         net (fo=3, routed)           0.107     1.715    BIN_STORED/Q[6]
    SLICE_X50Y16         LUT4 (Prop_lut4_I3_O)        0.045     1.760 r  BIN_STORED/scratch[6]_i_1/O
                         net (fo=1, routed)           0.000     1.760    BIN_STORED/next_scratch[6]
    SLICE_X50Y16         FDRE                                         r  BIN_STORED/scratch_reg[6]/D
  -------------------------------------------------------------------    -------------------

                         (clock sys_clk_pin rise edge)
                                                      0.000     0.000 r  
    W5                                                0.000     0.000 r  clk (IN)
                         net (fo=0)                   0.000     0.000    clk
    W5                   IBUF (Prop_ibuf_I_O)         0.414     0.414 r  clk_IBUF_inst/O
                         net (fo=1, routed)           0.685     1.099    clk_IBUF
    BUFGCTRL_X0Y0        BUFG (Prop_bufg_I_O)         0.029     1.128 r  clk_IBUF_BUFG_inst/O
                         net (fo=191, routed)         0.830     1.957    BIN_STORED/CLK
    SLICE_X50Y16         FDRE                                         r  BIN_STORED/scratch_reg[6]/C
                         clock pessimism             -0.499     1.458    
    SLICE_X50Y16         FDRE (Hold_fdre_C_D)         0.121     1.579    BIN_STORED/scratch_reg[6]
  -------------------------------------------------------------------
                         required time                         -1.579    
                         arrival time                           1.760    
  -------------------------------------------------------------------
                         slack                                  0.180    

Slack (MET) :             0.186ns  (arrival time - required time)
  Source:                 BIN_STORED/scratch_reg[7]/C
                            (rising edge-triggered cell FDRE clocked by sys_clk_pin  {rise@0.000ns fall@5.000ns period=10.000ns})
  Destination:            BIN_STORED/scratch_reg[8]/D
                            (rising edge-triggered cell FDRE clocked by sys_clk_pin  {rise@0.000ns fall@5.000ns period=10.000ns})
  Path Group:             sys_clk_pin
  Path Type:              Hold (Min at Fast Process Corner)
  Requirement:            0.000ns  (sys_clk_pin rise@0.000ns - sys_clk_pin rise@0.000ns)
  Data Path Delay:        0.291ns  (logic 0.209ns (71.796%)  route 0.082ns (28.204%))
  Logic Levels:           1  (LUT4=1)
  Clock Path Skew:        0.013ns (DCD - SCD - CPR)
    Destination Clock Delay (DCD):    1.957ns
    Source Clock Delay      (SCD):    1.444ns
    Clock Pessimism Removal (CPR):    0.500ns

    Location             Delay type                Incr(ns)  Path(ns)    Netlist Resource(s)
  -------------------------------------------------------------------    -------------------
                         (clock sys_clk_pin rise edge)
                                                      0.000     0.000 r  
    W5                                                0.000     0.000 r  clk (IN)
                         net (fo=0)                   0.000     0.000    clk
    W5                   IBUF (Prop_ibuf_I_O)         0.226     0.226 r  clk_IBUF_inst/O
                         net (fo=1, routed)           0.631     0.858    clk_IBUF
    BUFGCTRL_X0Y0        BUFG (Prop_bufg_I_O)         0.026     0.884 r  clk_IBUF_BUFG_inst/O
                         net (fo=191, routed)         0.561     1.444    BIN_STORED/CLK
    SLICE_X50Y16         FDRE                                         r  BIN_STORED/scratch_reg[7]/C
  -------------------------------------------------------------------    -------------------
    SLICE_X50Y16         FDRE (Prop_fdre_C_Q)         0.164     1.608 r  BIN_STORED/scratch_reg[7]/Q
                         net (fo=1, routed)           0.082     1.690    BIN_STORED/scratch_reg_n_0_[7]
    SLICE_X51Y16         LUT4 (Prop_lut4_I1_O)        0.045     1.735 r  BIN_STORED/scratch[8]_i_1/O
                         net (fo=1, routed)           0.000     1.735    BIN_STORED/next_scratch[8]
    SLICE_X51Y16         FDRE                                         r  BIN_STORED/scratch_reg[8]/D
  -------------------------------------------------------------------    -------------------

                         (clock sys_clk_pin rise edge)
                                                      0.000     0.000 r  
    W5                                                0.000     0.000 r  clk (IN)
                         net (fo=0)                   0.000     0.000    clk
    W5                   IBUF (Prop_ibuf_I_O)         0.414     0.414 r  clk_IBUF_inst/O
                         net (fo=1, routed)           0.685     1.099    clk_IBUF
    BUFGCTRL_X0Y0        BUFG (Prop_bufg_I_O)         0.029     1.128 r  clk_IBUF_BUFG_inst/O
                         net (fo=191, routed)         0.830     1.957    BIN_STORED/CLK
    SLICE_X51Y16         FDRE                                         r  BIN_STORED/scratch_reg[8]/C
                         clock pessimism             -0.500     1.457    
    SLICE_X51Y16         FDRE (Hold_fdre_C_D)         0.092     1.549    BIN_STORED/scratch_reg[8]
  -------------------------------------------------------------------
                         required time                         -1.549    
                         arrival time                           1.735    
  -------------------------------------------------------------------
                         slack                                  0.186    

Slack (MET) :             0.191ns  (arrival time - required time)
  Source:                 BIN_LIVE/scratch_reg[17]/C
                            (rising edge-triggered cell FDRE clocked by sys_clk_pin  {rise@0.000ns fall@5.000ns period=10.000ns})
  Destination:            BIN_LIVE/scratch_reg[19]/D
                            (rising edge-triggered cell FDRE clocked by sys_clk_pin  {rise@0.000ns fall@5.000ns period=10.000ns})
  Path Group:             sys_clk_pin
  Path Type:              Hold (Min at Fast Process Corner)
  Requirement:            0.000ns  (sys_clk_pin rise@0.000ns - sys_clk_pin rise@0.000ns)
  Data Path Delay:        0.295ns  (logic 0.186ns (63.068%)  route 0.109ns (36.932%))
  Logic Levels:           1  (LUT5=1)
  Clock Path Skew:        0.013ns (DCD - SCD - CPR)
    Destination Clock Delay (DCD):    1.952ns
    Source Clock Delay      (SCD):    1.440ns
    Clock Pessimism Removal (CPR):    0.499ns

    Location             Delay type                Incr(ns)  Path(ns)    Netlist Resource(s)
  -------------------------------------------------------------------    -------------------
                         (clock sys_clk_pin rise edge)
                                                      0.000     0.000 r  
    W5                                                0.000     0.000 r  clk (IN)
                         net (fo=0)                   0.000     0.000    clk
    W5                   IBUF (Prop_ibuf_I_O)         0.226     0.226 r  clk_IBUF_inst/O
                         net (fo=1, routed)           0.631     0.858    clk_IBUF
    BUFGCTRL_X0Y0        BUFG (Prop_bufg_I_O)         0.026     0.884 r  clk_IBUF_BUFG_inst/O
                         net (fo=191, routed)         0.557     1.440    BIN_LIVE/CLK
    SLICE_X48Y20         FDRE                                         r  BIN_LIVE/scratch_reg[17]/C
  -------------------------------------------------------------------    -------------------
    SLICE_X48Y20         FDRE (Prop_fdre_C_Q)         0.141     1.581 r  BIN_LIVE/scratch_reg[17]/Q
                         net (fo=5, routed)           0.109     1.690    BIN_LIVE/scratch_reg_n_0_[17]
    SLICE_X49Y20         LUT5 (Prop_lut5_I2_O)        0.045     1.735 r  BIN_LIVE/scratch[19]_i_1__0/O
                         net (fo=1, routed)           0.000     1.735    BIN_LIVE/next_scratch[19]
    SLICE_X49Y20         FDRE                                         r  BIN_LIVE/scratch_reg[19]/D
  -------------------------------------------------------------------    -------------------

                         (clock sys_clk_pin rise edge)
                                                      0.000     0.000 r  
    W5                                                0.000     0.000 r  clk (IN)
                         net (fo=0)                   0.000     0.000    clk
    W5                   IBUF (Prop_ibuf_I_O)         0.414     0.414 r  clk_IBUF_inst/O
                         net (fo=1, routed)           0.685     1.099    clk_IBUF
    BUFGCTRL_X0Y0        BUFG (Prop_bufg_I_O)         0.029     1.128 r  clk_IBUF_BUFG_inst/O
                         net (fo=191, routed)         0.825     1.952    BIN_LIVE/CLK
    SLICE_X49Y20         FDRE                                         r  BIN_LIVE/scratch_reg[19]/C
                         clock pessimism             -0.499     1.453    
    SLICE_X49Y20         FDRE (Hold_fdre_C_D)         0.091     1.544    BIN_LIVE/scratch_reg[19]
  -------------------------------------------------------------------
                         required time                         -1.544    
                         arrival time                           1.735    
  -------------------------------------------------------------------
                         slack                                  0.191    





Pulse Width Checks
--------------------------------------------------------------------------------------
Clock Name:         sys_clk_pin
Waveform(ns):       { 0.000 5.000 }
Period(ns):         10.000
Sources:            { clk }

Check Type        Corner  Lib Pin  Reference Pin  Required(ns)  Actual(ns)  Slack(ns)  Location       Pin
Min Period        n/a     BUFG/I   n/a            2.155         10.000      7.845      BUFGCTRL_X0Y0  clk_IBUF_BUFG_inst/I
Min Period        n/a     FDRE/C   n/a            1.000         10.000      9.000      SLICE_X50Y21   BIN_LIVE/bcd_out_reg[0]/C
Min Period        n/a     FDRE/C   n/a            1.000         10.000      9.000      SLICE_X50Y20   BIN_LIVE/bcd_out_reg[10]/C
Min Period        n/a     FDRE/C   n/a            1.000         10.000      9.000      SLICE_X51Y20   BIN_LIVE/bcd_out_reg[11]/C
Min Period        n/a     FDRE/C   n/a            1.000         10.000      9.000      SLICE_X50Y21   BIN_LIVE/bcd_out_reg[12]/C
Min Period        n/a     FDRE/C   n/a            1.000         10.000      9.000      SLICE_X51Y20   BIN_LIVE/bcd_out_reg[13]/C
Min Period        n/a     FDRE/C   n/a            1.000         10.000      9.000      SLICE_X53Y21   BIN_LIVE/bcd_out_reg[14]/C
Min Period        n/a     FDRE/C   n/a            1.000         10.000      9.000      SLICE_X53Y21   BIN_LIVE/bcd_out_reg[15]/C
Min Period        n/a     FDRE/C   n/a            1.000         10.000      9.000      SLICE_X51Y20   BIN_LIVE/bcd_out_reg[1]/C
Min Period        n/a     FDRE/C   n/a            1.000         10.000      9.000      SLICE_X51Y20   BIN_LIVE/bcd_out_reg[2]/C
Low Pulse Width   Slow    FDRE/C   n/a            0.500         5.000       4.500      SLICE_X50Y21   BIN_LIVE/bcd_out_reg[0]/C
Low Pulse Width   Fast    FDRE/C   n/a            0.500         5.000       4.500      SLICE_X50Y21   BIN_LIVE/bcd_out_reg[0]/C
Low Pulse Width   Slow    FDRE/C   n/a            0.500         5.000       4.500      SLICE_X50Y20   BIN_LIVE/bcd_out_reg[10]/C
Low Pulse Width   Fast    FDRE/C   n/a            0.500         5.000       4.500      SLICE_X50Y20   BIN_LIVE/bcd_out_reg[10]/C
Low Pulse Width   Slow    FDRE/C   n/a            0.500         5.000       4.500      SLICE_X51Y20   BIN_LIVE/bcd_out_reg[11]/C
Low Pulse Width   Fast    FDRE/C   n/a            0.500         5.000       4.500      SLICE_X51Y20   BIN_LIVE/bcd_out_reg[11]/C
Low Pulse Width   Slow    FDRE/C   n/a            0.500         5.000       4.500      SLICE_X50Y21   BIN_LIVE/bcd_out_reg[12]/C
Low Pulse Width   Fast    FDRE/C   n/a            0.500         5.000       4.500      SLICE_X50Y21   BIN_LIVE/bcd_out_reg[12]/C
Low Pulse Width   Slow    FDRE/C   n/a            0.500         5.000       4.500      SLICE_X51Y20   BIN_LIVE/bcd_out_reg[13]/C
Low Pulse Width   Fast    FDRE/C   n/a            0.500         5.000       4.500      SLICE_X51Y20   BIN_LIVE/bcd_out_reg[13]/C
High Pulse Width  Slow    FDRE/C   n/a            0.500         5.000       4.500      SLICE_X50Y21   BIN_LIVE/bcd_out_reg[0]/C
High Pulse Width  Fast    FDRE/C   n/a            0.500         5.000       4.500      SLICE_X50Y21   BIN_LIVE/bcd_out_reg[0]/C
High Pulse Width  Slow    FDRE/C   n/a            0.500         5.000       4.500      SLICE_X50Y20   BIN_LIVE/bcd_out_reg[10]/C
High Pulse Width  Fast    FDRE/C   n/a            0.500         5.000       4.500      SLICE_X50Y20   BIN_LIVE/bcd_out_reg[10]/C
High Pulse Width  Slow    FDRE/C   n/a            0.500         5.000       4.500      SLICE_X51Y20   BIN_LIVE/bcd_out_reg[11]/C
High Pulse Width  Fast    FDRE/C   n/a            0.500         5.000       4.500      SLICE_X51Y20   BIN_LIVE/bcd_out_reg[11]/C
High Pulse Width  Slow    FDRE/C   n/a            0.500         5.000       4.500      SLICE_X50Y21   BIN_LIVE/bcd_out_reg[12]/C
High Pulse Width  Fast    FDRE/C   n/a            0.500         5.000       4.500      SLICE_X50Y21   BIN_LIVE/bcd_out_reg[12]/C
High Pulse Width  Slow    FDRE/C   n/a            0.500         5.000       4.500      SLICE_X51Y20   BIN_LIVE/bcd_out_reg[13]/C
High Pulse Width  Fast    FDRE/C   n/a            0.500         5.000       4.500      SLICE_X51Y20   BIN_LIVE/bcd_out_reg[13]/C



--------------------------------------------------------------------------------------
Path Group:  (none)
From Clock:  
  To Clock:  

Max Delay             7 Endpoints
Min Delay             7 Endpoints
--------------------------------------------------------------------------------------


Max Delay Paths
--------------------------------------------------------------------------------------
Slack:                    inf
  Source:                 select
                            (input port)
  Destination:            cc
                            (output port)
  Path Group:             (none)
  Path Type:              Max at Slow Process Corner
  Data Path Delay:        13.820ns  (logic 5.713ns (41.337%)  route 8.107ns (58.663%))
  Logic Levels:           6  (IBUF=1 LUT4=1 LUT6=3 OBUF=1)

    Location             Delay type                Incr(ns)  Path(ns)    Netlist Resource(s)
  -------------------------------------------------------------------    -------------------
    T18                                               0.000     0.000 r  select (IN)
                         net (fo=0)                   0.000     0.000    select
    T18                  IBUF (Prop_ibuf_I_O)         1.454     1.454 r  select_IBUF_inst/O
                         net (fo=16, routed)          3.053     4.507    BIN_LIVE/select_IBUF
    SLICE_X50Y17         LUT6 (Prop_lut6_I4_O)        0.124     4.631 r  BIN_LIVE/time_digit__2_i_5/O
                         net (fo=1, routed)           0.937     5.568    BIN_LIVE/data1[3]
    SLICE_X52Y19         LUT6 (Prop_lut6_I5_O)        0.124     5.692 r  BIN_LIVE/time_digit__2_i_2/O
                         net (fo=1, routed)           0.813     6.506    SUBSYSTEM/DIGIT_MUX/ca_OBUF_inst_i_1_5
    SLICE_X53Y21         LUT6 (Prop_lut6_I5_O)        0.124     6.630 r  SUBSYSTEM/DIGIT_MUX/time_digit__2/O
                         net (fo=7, routed)           1.181     7.810    SUBSYSTEM/DIGIT_SELECTOR/sel0[3]
    SLICE_X57Y19         LUT4 (Prop_lut4_I3_O)        0.150     7.960 r  SUBSYSTEM/DIGIT_SELECTOR/cc_OBUF_inst_i_1/O
                         net (fo=1, routed)           2.123    10.083    cc_OBUF
    U8                   OBUF (Prop_obuf_I_O)         3.737    13.820 r  cc_OBUF_inst/O
                         net (fo=0)                   0.000    13.820    cc
    U8                                                                r  cc (OUT)
  -------------------------------------------------------------------    -------------------

Slack:                    inf
  Source:                 select
                            (input port)
  Destination:            ce
                            (output port)
  Path Group:             (none)
  Path Type:              Max at Slow Process Corner
  Data Path Delay:        13.765ns  (logic 5.706ns (41.451%)  route 8.059ns (58.549%))
  Logic Levels:           6  (IBUF=1 LUT4=1 LUT6=3 OBUF=1)

    Location             Delay type                Incr(ns)  Path(ns)    Netlist Resource(s)
  -------------------------------------------------------------------    -------------------
    T18                                               0.000     0.000 r  select (IN)
                         net (fo=0)                   0.000     0.000    select
    T18                  IBUF (Prop_ibuf_I_O)         1.454     1.454 r  select_IBUF_inst/O
                         net (fo=16, routed)          3.053     4.507    BIN_LIVE/select_IBUF
    SLICE_X50Y17         LUT6 (Prop_lut6_I4_O)        0.124     4.631 f  BIN_LIVE/time_digit__2_i_5/O
                         net (fo=1, routed)           0.937     5.568    BIN_LIVE/data1[3]
    SLICE_X52Y19         LUT6 (Prop_lut6_I5_O)        0.124     5.692 f  BIN_LIVE/time_digit__2_i_2/O
                         net (fo=1, routed)           0.813     6.506    SUBSYSTEM/DIGIT_MUX/ca_OBUF_inst_i_1_5
    SLICE_X53Y21         LUT6 (Prop_lut6_I5_O)        0.124     6.630 f  SUBSYSTEM/DIGIT_MUX/time_digit__2/O
                         net (fo=7, routed)           1.186     7.815    SUBSYSTEM/DIGIT_SELECTOR/sel0[3]
    SLICE_X57Y19         LUT4 (Prop_lut4_I3_O)        0.152     7.967 r  SUBSYSTEM/DIGIT_SELECTOR/ce_OBUF_inst_i_1/O
                         net (fo=1, routed)           2.070    10.037    ce_OBUF
    U5                   OBUF (Prop_obuf_I_O)         3.728    13.765 r  ce_OBUF_inst/O
                         net (fo=0)                   0.000    13.765    ce
    U5                                                                r  ce (OUT)
  -------------------------------------------------------------------    -------------------

Slack:                    inf
  Source:                 select
                            (input port)
  Destination:            cg
                            (output port)
  Path Group:             (none)
  Path Type:              Max at Slow Process Corner
  Data Path Delay:        13.593ns  (logic 5.713ns (42.031%)  route 7.880ns (57.969%))
  Logic Levels:           6  (IBUF=1 LUT4=1 LUT6=3 OBUF=1)

    Location             Delay type                Incr(ns)  Path(ns)    Netlist Resource(s)
  -------------------------------------------------------------------    -------------------
    T18                                               0.000     0.000 r  select (IN)
                         net (fo=0)                   0.000     0.000    select
    T18                  IBUF (Prop_ibuf_I_O)         1.454     1.454 r  select_IBUF_inst/O
                         net (fo=16, routed)          3.053     4.507    BIN_LIVE/select_IBUF
    SLICE_X50Y17         LUT6 (Prop_lut6_I4_O)        0.124     4.631 r  BIN_LIVE/time_digit__2_i_5/O
                         net (fo=1, routed)           0.937     5.568    BIN_LIVE/data1[3]
    SLICE_X52Y19         LUT6 (Prop_lut6_I5_O)        0.124     5.692 r  BIN_LIVE/time_digit__2_i_2/O
                         net (fo=1, routed)           0.813     6.506    SUBSYSTEM/DIGIT_MUX/ca_OBUF_inst_i_1_5
    SLICE_X53Y21         LUT6 (Prop_lut6_I5_O)        0.124     6.630 r  SUBSYSTEM/DIGIT_MUX/time_digit__2/O
                         net (fo=7, routed)           0.917     7.546    SUBSYSTEM/DIGIT_SELECTOR/sel0[3]
    SLICE_X57Y19         LUT4 (Prop_lut4_I3_O)        0.153     7.699 r  SUBSYSTEM/DIGIT_SELECTOR/cg_OBUF_inst_i_1/O
                         net (fo=1, routed)           2.159     9.858    cg_OBUF
    U7                   OBUF (Prop_obuf_I_O)         3.734    13.593 r  cg_OBUF_inst/O
                         net (fo=0)                   0.000    13.593    cg
    U7                                                                r  cg (OUT)
  -------------------------------------------------------------------    -------------------

Slack:                    inf
  Source:                 select
                            (input port)
  Destination:            cd
                            (output port)
  Path Group:             (none)
  Path Type:              Max at Slow Process Corner
  Data Path Delay:        13.536ns  (logic 5.485ns (40.523%)  route 8.051ns (59.477%))
  Logic Levels:           6  (IBUF=1 LUT4=1 LUT6=3 OBUF=1)

    Location             Delay type                Incr(ns)  Path(ns)    Netlist Resource(s)
  -------------------------------------------------------------------    -------------------
    T18                                               0.000     0.000 r  select (IN)
                         net (fo=0)                   0.000     0.000    select
    T18                  IBUF (Prop_ibuf_I_O)         1.454     1.454 r  select_IBUF_inst/O
                         net (fo=16, routed)          3.053     4.507    BIN_LIVE/select_IBUF
    SLICE_X50Y17         LUT6 (Prop_lut6_I4_O)        0.124     4.631 r  BIN_LIVE/time_digit__2_i_5/O
                         net (fo=1, routed)           0.937     5.568    BIN_LIVE/data1[3]
    SLICE_X52Y19         LUT6 (Prop_lut6_I5_O)        0.124     5.692 r  BIN_LIVE/time_digit__2_i_2/O
                         net (fo=1, routed)           0.813     6.506    SUBSYSTEM/DIGIT_MUX/ca_OBUF_inst_i_1_5
    SLICE_X53Y21         LUT6 (Prop_lut6_I5_O)        0.124     6.630 r  SUBSYSTEM/DIGIT_MUX/time_digit__2/O
                         net (fo=7, routed)           1.186     7.815    SUBSYSTEM/DIGIT_SELECTOR/sel0[3]
    SLICE_X57Y19         LUT4 (Prop_lut4_I3_O)        0.124     7.939 r  SUBSYSTEM/DIGIT_SELECTOR/cd_OBUF_inst_i_1/O
                         net (fo=1, routed)           2.062    10.001    cd_OBUF
    V8                   OBUF (Prop_obuf_I_O)         3.536    13.536 r  cd_OBUF_inst/O
                         net (fo=0)                   0.000    13.536    cd
    V8                                                                r  cd (OUT)
  -------------------------------------------------------------------    -------------------

Slack:                    inf
  Source:                 select
                            (input port)
  Destination:            ca
                            (output port)
  Path Group:             (none)
  Path Type:              Max at Slow Process Corner
  Data Path Delay:        13.508ns  (logic 5.460ns (40.422%)  route 8.048ns (59.578%))
  Logic Levels:           6  (IBUF=1 LUT4=1 LUT6=3 OBUF=1)

    Location             Delay type                Incr(ns)  Path(ns)    Netlist Resource(s)
  -------------------------------------------------------------------    -------------------
    T18                                               0.000     0.000 r  select (IN)
                         net (fo=0)                   0.000     0.000    select
    T18                  IBUF (Prop_ibuf_I_O)         1.454     1.454 r  select_IBUF_inst/O
                         net (fo=16, routed)          3.196     4.650    BIN_LIVE/select_IBUF
    SLICE_X52Y20         LUT6 (Prop_lut6_I4_O)        0.124     4.774 r  BIN_LIVE/time_digit_i_4/O
                         net (fo=1, routed)           0.796     5.570    BIN_LIVE/data2[0]
    SLICE_X52Y19         LUT6 (Prop_lut6_I3_O)        0.124     5.694 r  BIN_LIVE/time_digit_i_2/O
                         net (fo=1, routed)           0.812     6.507    SUBSYSTEM/DIGIT_MUX/ca_OBUF_inst_i_1_2
    SLICE_X52Y21         LUT6 (Prop_lut6_I5_O)        0.124     6.631 r  SUBSYSTEM/DIGIT_MUX/time_digit/O
                         net (fo=7, routed)           1.132     7.762    SUBSYSTEM/DIGIT_SELECTOR/sel0[0]
    SLICE_X57Y19         LUT4 (Prop_lut4_I0_O)        0.124     7.886 r  SUBSYSTEM/DIGIT_SELECTOR/ca_OBUF_inst_i_1/O
                         net (fo=1, routed)           2.112     9.998    ca_OBUF
    W7                   OBUF (Prop_obuf_I_O)         3.511    13.508 r  ca_OBUF_inst/O
                         net (fo=0)                   0.000    13.508    ca
    W7                                                                r  ca (OUT)
  -------------------------------------------------------------------    -------------------

Slack:                    inf
  Source:                 select
                            (input port)
  Destination:            cb
                            (output port)
  Path Group:             (none)
  Path Type:              Max at Slow Process Corner
  Data Path Delay:        13.445ns  (logic 5.479ns (40.749%)  route 7.967ns (59.251%))
  Logic Levels:           6  (IBUF=1 LUT4=1 LUT6=3 OBUF=1)

    Location             Delay type                Incr(ns)  Path(ns)    Netlist Resource(s)
  -------------------------------------------------------------------    -------------------
    T18                                               0.000     0.000 r  select (IN)
                         net (fo=0)                   0.000     0.000    select
    T18                  IBUF (Prop_ibuf_I_O)         1.454     1.454 r  select_IBUF_inst/O
                         net (fo=16, routed)          3.053     4.507    BIN_LIVE/select_IBUF
    SLICE_X50Y17         LUT6 (Prop_lut6_I4_O)        0.124     4.631 r  BIN_LIVE/time_digit__2_i_5/O
                         net (fo=1, routed)           0.937     5.568    BIN_LIVE/data1[3]
    SLICE_X52Y19         LUT6 (Prop_lut6_I5_O)        0.124     5.692 r  BIN_LIVE/time_digit__2_i_2/O
                         net (fo=1, routed)           0.813     6.506    SUBSYSTEM/DIGIT_MUX/ca_OBUF_inst_i_1_5
    SLICE_X53Y21         LUT6 (Prop_lut6_I5_O)        0.124     6.630 r  SUBSYSTEM/DIGIT_MUX/time_digit__2/O
                         net (fo=7, routed)           1.181     7.810    SUBSYSTEM/DIGIT_SELECTOR/sel0[3]
    SLICE_X57Y19         LUT4 (Prop_lut4_I3_O)        0.124     7.934 r  SUBSYSTEM/DIGIT_SELECTOR/cb_OBUF_inst_i_1/O
                         net (fo=1, routed)           1.982     9.916    cb_OBUF
    W6                   OBUF (Prop_obuf_I_O)         3.529    13.445 r  cb_OBUF_inst/O
                         net (fo=0)                   0.000    13.445    cb
    W6                                                                r  cb (OUT)
  -------------------------------------------------------------------    -------------------

Slack:                    inf
  Source:                 select
                            (input port)
  Destination:            cf
                            (output port)
  Path Group:             (none)
  Path Type:              Max at Slow Process Corner
  Data Path Delay:        13.239ns  (logic 5.454ns (41.198%)  route 7.785ns (58.802%))
  Logic Levels:           6  (IBUF=1 LUT4=1 LUT6=3 OBUF=1)

    Location             Delay type                Incr(ns)  Path(ns)    Netlist Resource(s)
  -------------------------------------------------------------------    -------------------
    T18                                               0.000     0.000 r  select (IN)
                         net (fo=0)                   0.000     0.000    select
    T18                  IBUF (Prop_ibuf_I_O)         1.454     1.454 r  select_IBUF_inst/O
                         net (fo=16, routed)          3.196     4.650    BIN_LIVE/select_IBUF
    SLICE_X52Y20         LUT6 (Prop_lut6_I4_O)        0.124     4.774 r  BIN_LIVE/time_digit_i_4/O
                         net (fo=1, routed)           0.796     5.570    BIN_LIVE/data2[0]
    SLICE_X52Y19         LUT6 (Prop_lut6_I3_O)        0.124     5.694 r  BIN_LIVE/time_digit_i_2/O
                         net (fo=1, routed)           0.812     6.507    SUBSYSTEM/DIGIT_MUX/ca_OBUF_inst_i_1_2
    SLICE_X52Y21         LUT6 (Prop_lut6_I5_O)        0.124     6.631 r  SUBSYSTEM/DIGIT_MUX/time_digit/O
                         net (fo=7, routed)           0.926     7.557    SUBSYSTEM/DIGIT_SELECTOR/sel0[0]
    SLICE_X57Y19         LUT4 (Prop_lut4_I1_O)        0.124     7.681 r  SUBSYSTEM/DIGIT_SELECTOR/cf_OBUF_inst_i_1/O
                         net (fo=1, routed)           2.054     9.735    cf_OBUF
    V5                   OBUF (Prop_obuf_I_O)         3.504    13.239 r  cf_OBUF_inst/O
                         net (fo=0)                   0.000    13.239    cf
    V5                                                                r  cf (OUT)
  -------------------------------------------------------------------    -------------------





Min Delay Paths
--------------------------------------------------------------------------------------
Slack:                    inf
  Source:                 source_select
                            (input port)
  Destination:            cf
                            (output port)
  Path Group:             (none)
  Path Type:              Min at Fast Process Corner
  Data Path Delay:        3.763ns  (logic 1.560ns (41.447%)  route 2.204ns (58.553%))
  Logic Levels:           5  (IBUF=1 LUT4=1 LUT6=2 OBUF=1)

    Location             Delay type                Incr(ns)  Path(ns)    Netlist Resource(s)
  -------------------------------------------------------------------    -------------------
    T17                                               0.000     0.000 r  source_select (IN)
                         net (fo=0)                   0.000     0.000    source_select
    T17                  IBUF (Prop_ibuf_I_O)         0.219     0.219 r  source_select_IBUF_inst/O
                         net (fo=16, routed)          1.297     1.516    BIN_LIVE/source_select_IBUF
    SLICE_X53Y21         LUT6 (Prop_lut6_I3_O)        0.045     1.561 r  BIN_LIVE/time_digit__2_i_1/O
                         net (fo=1, routed)           0.052     1.613    SUBSYSTEM/DIGIT_MUX/data3[3]
    SLICE_X53Y21         LUT6 (Prop_lut6_I4_O)        0.045     1.658 r  SUBSYSTEM/DIGIT_MUX/time_digit__2/O
                         net (fo=7, routed)           0.327     1.985    SUBSYSTEM/DIGIT_SELECTOR/sel0[3]
    SLICE_X57Y19         LUT4 (Prop_lut4_I3_O)        0.045     2.030 r  SUBSYSTEM/DIGIT_SELECTOR/cf_OBUF_inst_i_1/O
                         net (fo=1, routed)           0.528     2.558    cf_OBUF
    V5                   OBUF (Prop_obuf_I_O)         1.206     3.763 r  cf_OBUF_inst/O
                         net (fo=0)                   0.000     3.763    cf
    V5                                                                r  cf (OUT)
  -------------------------------------------------------------------    -------------------

Slack:                    inf
  Source:                 source_select
                            (input port)
  Destination:            ca
                            (output port)
  Path Group:             (none)
  Path Type:              Min at Fast Process Corner
  Data Path Delay:        3.801ns  (logic 1.566ns (41.198%)  route 2.235ns (58.802%))
  Logic Levels:           5  (IBUF=1 LUT4=1 LUT6=2 OBUF=1)

    Location             Delay type                Incr(ns)  Path(ns)    Netlist Resource(s)
  -------------------------------------------------------------------    -------------------
    T17                                               0.000     0.000 r  source_select (IN)
                         net (fo=0)                   0.000     0.000    source_select
    T17                  IBUF (Prop_ibuf_I_O)         0.219     0.219 r  source_select_IBUF_inst/O
                         net (fo=16, routed)          1.297     1.516    BIN_LIVE/source_select_IBUF
    SLICE_X53Y21         LUT6 (Prop_lut6_I3_O)        0.045     1.561 r  BIN_LIVE/time_digit__2_i_1/O
                         net (fo=1, routed)           0.052     1.613    SUBSYSTEM/DIGIT_MUX/data3[3]
    SLICE_X53Y21         LUT6 (Prop_lut6_I4_O)        0.045     1.658 r  SUBSYSTEM/DIGIT_MUX/time_digit__2/O
                         net (fo=7, routed)           0.328     1.986    SUBSYSTEM/DIGIT_SELECTOR/sel0[3]
    SLICE_X57Y19         LUT4 (Prop_lut4_I3_O)        0.045     2.031 r  SUBSYSTEM/DIGIT_SELECTOR/ca_OBUF_inst_i_1/O
                         net (fo=1, routed)           0.559     2.590    ca_OBUF
    W7                   OBUF (Prop_obuf_I_O)         1.212     3.801 r  ca_OBUF_inst/O
                         net (fo=0)                   0.000     3.801    ca
    W7                                                                r  ca (OUT)
  -------------------------------------------------------------------    -------------------

Slack:                    inf
  Source:                 source_select
                            (input port)
  Destination:            cb
                            (output port)
  Path Group:             (none)
  Path Type:              Min at Fast Process Corner
  Data Path Delay:        3.867ns  (logic 1.584ns (40.969%)  route 2.283ns (59.031%))
  Logic Levels:           5  (IBUF=1 LUT4=1 LUT6=2 OBUF=1)

    Location             Delay type                Incr(ns)  Path(ns)    Netlist Resource(s)
  -------------------------------------------------------------------    -------------------
    T17                                               0.000     0.000 r  source_select (IN)
                         net (fo=0)                   0.000     0.000    source_select
    T17                  IBUF (Prop_ibuf_I_O)         0.219     0.219 r  source_select_IBUF_inst/O
                         net (fo=16, routed)          1.297     1.516    BIN_LIVE/source_select_IBUF
    SLICE_X53Y21         LUT6 (Prop_lut6_I3_O)        0.045     1.561 r  BIN_LIVE/time_digit__2_i_1/O
                         net (fo=1, routed)           0.052     1.613    SUBSYSTEM/DIGIT_MUX/data3[3]
    SLICE_X53Y21         LUT6 (Prop_lut6_I4_O)        0.045     1.658 r  SUBSYSTEM/DIGIT_MUX/time_digit__2/O
                         net (fo=7, routed)           0.419     2.077    SUBSYSTEM/DIGIT_SELECTOR/sel0[3]
    SLICE_X57Y19         LUT4 (Prop_lut4_I3_O)        0.045     2.122 r  SUBSYSTEM/DIGIT_SELECTOR/cb_OBUF_inst_i_1/O
                         net (fo=1, routed)           0.515     2.637    cb_OBUF
    W6                   OBUF (Prop_obuf_I_O)         1.230     3.867 r  cb_OBUF_inst/O
                         net (fo=0)                   0.000     3.867    cb
    W6                                                                r  cb (OUT)
  -------------------------------------------------------------------    -------------------

Slack:                    inf
  Source:                 source_select
                            (input port)
  Destination:            cd
                            (output port)
  Path Group:             (none)
  Path Type:              Min at Fast Process Corner
  Data Path Delay:        3.882ns  (logic 1.591ns (40.978%)  route 2.291ns (59.022%))
  Logic Levels:           5  (IBUF=1 LUT4=1 LUT6=2 OBUF=1)

    Location             Delay type                Incr(ns)  Path(ns)    Netlist Resource(s)
  -------------------------------------------------------------------    -------------------
    T17                                               0.000     0.000 r  source_select (IN)
                         net (fo=0)                   0.000     0.000    source_select
    T17                  IBUF (Prop_ibuf_I_O)         0.219     0.219 r  source_select_IBUF_inst/O
                         net (fo=16, routed)          1.297     1.516    BIN_LIVE/source_select_IBUF
    SLICE_X53Y21         LUT6 (Prop_lut6_I3_O)        0.045     1.561 r  BIN_LIVE/time_digit__2_i_1/O
                         net (fo=1, routed)           0.052     1.613    SUBSYSTEM/DIGIT_MUX/data3[3]
    SLICE_X53Y21         LUT6 (Prop_lut6_I4_O)        0.045     1.658 r  SUBSYSTEM/DIGIT_MUX/time_digit__2/O
                         net (fo=7, routed)           0.421     2.079    SUBSYSTEM/DIGIT_SELECTOR/sel0[3]
    SLICE_X57Y19         LUT4 (Prop_lut4_I3_O)        0.045     2.124 r  SUBSYSTEM/DIGIT_SELECTOR/cd_OBUF_inst_i_1/O
                         net (fo=1, routed)           0.522     2.645    cd_OBUF
    V8                   OBUF (Prop_obuf_I_O)         1.236     3.882 r  cd_OBUF_inst/O
                         net (fo=0)                   0.000     3.882    cd
    V8                                                                r  cd (OUT)
  -------------------------------------------------------------------    -------------------

Slack:                    inf
  Source:                 source_select
                            (input port)
  Destination:            cg
                            (output port)
  Path Group:             (none)
  Path Type:              Min at Fast Process Corner
  Data Path Delay:        3.909ns  (logic 1.652ns (42.246%)  route 2.258ns (57.754%))
  Logic Levels:           5  (IBUF=1 LUT4=1 LUT6=2 OBUF=1)

    Location             Delay type                Incr(ns)  Path(ns)    Netlist Resource(s)
  -------------------------------------------------------------------    -------------------
    T17                                               0.000     0.000 r  source_select (IN)
                         net (fo=0)                   0.000     0.000    source_select
    T17                  IBUF (Prop_ibuf_I_O)         0.219     0.219 r  source_select_IBUF_inst/O
                         net (fo=16, routed)          1.297     1.516    BIN_LIVE/source_select_IBUF
    SLICE_X53Y21         LUT6 (Prop_lut6_I3_O)        0.045     1.561 r  BIN_LIVE/time_digit__2_i_1/O
                         net (fo=1, routed)           0.052     1.613    SUBSYSTEM/DIGIT_MUX/data3[3]
    SLICE_X53Y21         LUT6 (Prop_lut6_I4_O)        0.045     1.658 r  SUBSYSTEM/DIGIT_MUX/time_digit__2/O
                         net (fo=7, routed)           0.327     1.985    SUBSYSTEM/DIGIT_SELECTOR/sel0[3]
    SLICE_X57Y19         LUT4 (Prop_lut4_I3_O)        0.045     2.030 r  SUBSYSTEM/DIGIT_SELECTOR/cg_OBUF_inst_i_1/O
                         net (fo=1, routed)           0.582     2.612    cg_OBUF
    U7                   OBUF (Prop_obuf_I_O)         1.297     3.909 r  cg_OBUF_inst/O
                         net (fo=0)                   0.000     3.909    cg
    U7                                                                r  cg (OUT)
  -------------------------------------------------------------------    -------------------

Slack:                    inf
  Source:                 source_select
                            (input port)
  Destination:            ce
                            (output port)
  Path Group:             (none)
  Path Type:              Min at Fast Process Corner
  Data Path Delay:        3.935ns  (logic 1.640ns (41.685%)  route 2.295ns (58.315%))
  Logic Levels:           5  (IBUF=1 LUT4=1 LUT6=2 OBUF=1)

    Location             Delay type                Incr(ns)  Path(ns)    Netlist Resource(s)
  -------------------------------------------------------------------    -------------------
    T17                                               0.000     0.000 r  source_select (IN)
                         net (fo=0)                   0.000     0.000    source_select
    T17                  IBUF (Prop_ibuf_I_O)         0.219     0.219 r  source_select_IBUF_inst/O
                         net (fo=16, routed)          1.297     1.516    BIN_LIVE/source_select_IBUF
    SLICE_X53Y21         LUT6 (Prop_lut6_I3_O)        0.045     1.561 f  BIN_LIVE/time_digit__2_i_1/O
                         net (fo=1, routed)           0.052     1.613    SUBSYSTEM/DIGIT_MUX/data3[3]
    SLICE_X53Y21         LUT6 (Prop_lut6_I4_O)        0.045     1.658 f  SUBSYSTEM/DIGIT_MUX/time_digit__2/O
                         net (fo=7, routed)           0.421     2.079    SUBSYSTEM/DIGIT_SELECTOR/sel0[3]
    SLICE_X57Y19         LUT4 (Prop_lut4_I3_O)        0.043     2.122 r  SUBSYSTEM/DIGIT_SELECTOR/ce_OBUF_inst_i_1/O
                         net (fo=1, routed)           0.525     2.647    ce_OBUF
    U5                   OBUF (Prop_obuf_I_O)         1.288     3.935 r  ce_OBUF_inst/O
                         net (fo=0)                   0.000     3.935    ce
    U5                                                                r  ce (OUT)
  -------------------------------------------------------------------    -------------------

Slack:                    inf
  Source:                 source_select
                            (input port)
  Destination:            cc
                            (output port)
  Path Group:             (none)
  Path Type:              Min at Fast Process Corner
  Data Path Delay:        3.970ns  (logic 1.649ns (41.545%)  route 2.321ns (58.455%))
  Logic Levels:           5  (IBUF=1 LUT4=1 LUT6=2 OBUF=1)

    Location             Delay type                Incr(ns)  Path(ns)    Netlist Resource(s)
  -------------------------------------------------------------------    -------------------
    T17                                               0.000     0.000 r  source_select (IN)
                         net (fo=0)                   0.000     0.000    source_select
    T17                  IBUF (Prop_ibuf_I_O)         0.219     0.219 r  source_select_IBUF_inst/O
                         net (fo=16, routed)          1.297     1.516    BIN_LIVE/source_select_IBUF
    SLICE_X53Y21         LUT6 (Prop_lut6_I3_O)        0.045     1.561 r  BIN_LIVE/time_digit__2_i_1/O
                         net (fo=1, routed)           0.052     1.613    SUBSYSTEM/DIGIT_MUX/data3[3]
    SLICE_X53Y21         LUT6 (Prop_lut6_I4_O)        0.045     1.658 r  SUBSYSTEM/DIGIT_MUX/time_digit__2/O
                         net (fo=7, routed)           0.419     2.077    SUBSYSTEM/DIGIT_SELECTOR/sel0[3]
    SLICE_X57Y19         LUT4 (Prop_lut4_I3_O)        0.042     2.119 r  SUBSYSTEM/DIGIT_SELECTOR/cc_OBUF_inst_i_1/O
                         net (fo=1, routed)           0.553     2.672    cc_OBUF
    U8                   OBUF (Prop_obuf_I_O)         1.298     3.970 r  cc_OBUF_inst/O
                         net (fo=0)                   0.000     3.970    cc
    U8                                                                r  cc (OUT)
  -------------------------------------------------------------------    -------------------





--------------------------------------------------------------------------------------
Path Group:  (none)
From Clock:  sys_clk_pin
  To Clock:  

Max Delay            27 Endpoints
Min Delay            27 Endpoints
--------------------------------------------------------------------------------------


Max Delay Paths
--------------------------------------------------------------------------------------
Slack:                    inf
  Source:                 SYNCHRONIZER/switches_outputs_reg[10]/C
                            (rising edge-triggered cell FDRE clocked by sys_clk_pin  {rise@0.000ns fall@5.000ns period=10.000ns})
  Destination:            cg
                            (output port)
  Path Group:             (none)
  Path Type:              Max at Slow Process Corner
  Data Path Delay:        11.191ns  (logic 4.716ns (42.144%)  route 6.475ns (57.856%))
  Logic Levels:           5  (LUT4=1 LUT6=3 OBUF=1)
  Clock Uncertainty:      0.025ns  ((TSJ^2 + TIJ^2)^1/2 + DJ) / 2 + PE
    Total System Jitter     (TSJ):    0.050ns
    Total Input Jitter      (TIJ):    0.000ns
    Discrete Jitter          (DJ):    0.000ns
    Phase Error              (PE):    0.000ns

    Location             Delay type                Incr(ns)  Path(ns)    Netlist Resource(s)
  -------------------------------------------------------------------    -------------------
                         (clock sys_clk_pin rise edge)
                                                      0.000     0.000 r  
    W5                                                0.000     0.000 r  clk (IN)
                         net (fo=0)                   0.000     0.000    clk
    W5                   IBUF (Prop_ibuf_I_O)         1.458     1.458 r  clk_IBUF_inst/O
                         net (fo=1, routed)           1.967     3.425    clk_IBUF
    BUFGCTRL_X0Y0        BUFG (Prop_bufg_I_O)         0.096     3.521 r  clk_IBUF_BUFG_inst/O
                         net (fo=191, routed)         1.566     5.087    SYNCHRONIZER/CLK
    SLICE_X48Y12         FDRE                                         r  SYNCHRONIZER/switches_outputs_reg[10]/C
  -------------------------------------------------------------------    -------------------
    SLICE_X48Y12         FDRE (Prop_fdre_C_Q)         0.456     5.543 r  SYNCHRONIZER/switches_outputs_reg[10]/Q
                         net (fo=4, routed)           1.366     6.909    BIN_LIVE/Q[5]
    SLICE_X50Y19         LUT6 (Prop_lut6_I1_O)        0.124     7.033 r  BIN_LIVE/time_digit__0_i_5/O
                         net (fo=1, routed)           0.806     7.839    BIN_LIVE/data1[1]
    SLICE_X51Y20         LUT6 (Prop_lut6_I5_O)        0.124     7.963 r  BIN_LIVE/time_digit__0_i_2/O
                         net (fo=1, routed)           0.806     8.769    SUBSYSTEM/DIGIT_MUX/ca_OBUF_inst_i_1_3
    SLICE_X53Y21         LUT6 (Prop_lut6_I5_O)        0.124     8.893 r  SUBSYSTEM/DIGIT_MUX/time_digit__0/O
                         net (fo=7, routed)           1.338    10.231    SUBSYSTEM/DIGIT_SELECTOR/sel0[1]
    SLICE_X57Y19         LUT4 (Prop_lut4_I0_O)        0.154    10.385 r  SUBSYSTEM/DIGIT_SELECTOR/cg_OBUF_inst_i_1/O
                         net (fo=1, routed)           2.159    12.544    cg_OBUF
    U7                   OBUF (Prop_obuf_I_O)         3.734    16.279 r  cg_OBUF_inst/O
                         net (fo=0)                   0.000    16.279    cg
    U7                                                                r  cg (OUT)
  -------------------------------------------------------------------    -------------------

Slack:                    inf
  Source:                 BIN_LIVE/bcd_out_reg[7]/C
                            (rising edge-triggered cell FDRE clocked by sys_clk_pin  {rise@0.000ns fall@5.000ns period=10.000ns})
  Destination:            cc
                            (output port)
  Path Group:             (none)
  Path Type:              Max at Slow Process Corner
  Data Path Delay:        11.097ns  (logic 4.909ns (44.238%)  route 6.188ns (55.762%))
  Logic Levels:           5  (LUT4=1 LUT6=3 OBUF=1)
  Clock Uncertainty:      0.025ns  ((TSJ^2 + TIJ^2)^1/2 + DJ) / 2 + PE
    Total System Jitter     (TSJ):    0.050ns
    Total Input Jitter      (TIJ):    0.000ns
    Discrete Jitter          (DJ):    0.000ns
    Phase Error              (PE):    0.000ns

    Location             Delay type                Incr(ns)  Path(ns)    Netlist Resource(s)
  -------------------------------------------------------------------    -------------------
                         (clock sys_clk_pin rise edge)
                                                      0.000     0.000 r  
    W5                                                0.000     0.000 r  clk (IN)
                         net (fo=0)                   0.000     0.000    clk
    W5                   IBUF (Prop_ibuf_I_O)         1.458     1.458 r  clk_IBUF_inst/O
                         net (fo=1, routed)           1.967     3.425    clk_IBUF
    BUFGCTRL_X0Y0        BUFG (Prop_bufg_I_O)         0.096     3.521 r  clk_IBUF_BUFG_inst/O
                         net (fo=191, routed)         1.558     5.079    BIN_LIVE/CLK
    SLICE_X50Y20         FDRE                                         r  BIN_LIVE/bcd_out_reg[7]/C
  -------------------------------------------------------------------    -------------------
    SLICE_X50Y20         FDRE (Prop_fdre_C_Q)         0.478     5.557 r  BIN_LIVE/bcd_out_reg[7]/Q
                         net (fo=1, routed)           1.134     6.691    BIN_LIVE/bcd_out_reg_n_0_[7]
    SLICE_X50Y17         LUT6 (Prop_lut6_I0_O)        0.296     6.987 r  BIN_LIVE/time_digit__2_i_5/O
                         net (fo=1, routed)           0.937     7.924    BIN_LIVE/data1[3]
    SLICE_X52Y19         LUT6 (Prop_lut6_I5_O)        0.124     8.048 r  BIN_LIVE/time_digit__2_i_2/O
                         net (fo=1, routed)           0.813     8.862    SUBSYSTEM/DIGIT_MUX/ca_OBUF_inst_i_1_5
    SLICE_X53Y21         LUT6 (Prop_lut6_I5_O)        0.124     8.986 r  SUBSYSTEM/DIGIT_MUX/time_digit__2/O
                         net (fo=7, routed)           1.181    10.166    SUBSYSTEM/DIGIT_SELECTOR/sel0[3]
    SLICE_X57Y19         LUT4 (Prop_lut4_I3_O)        0.150    10.316 r  SUBSYSTEM/DIGIT_SELECTOR/cc_OBUF_inst_i_1/O
                         net (fo=1, routed)           2.123    12.439    cc_OBUF
    U8                   OBUF (Prop_obuf_I_O)         3.737    16.176 r  cc_OBUF_inst/O
                         net (fo=0)                   0.000    16.176    cc
    U8                                                                r  cc (OUT)
  -------------------------------------------------------------------    -------------------

Slack:                    inf
  Source:                 BIN_LIVE/bcd_out_reg[7]/C
                            (rising edge-triggered cell FDRE clocked by sys_clk_pin  {rise@0.000ns fall@5.000ns period=10.000ns})
  Destination:            ce
                            (output port)
  Path Group:             (none)
  Path Type:              Max at Slow Process Corner
  Data Path Delay:        11.042ns  (logic 4.902ns (44.394%)  route 6.140ns (55.606%))
  Logic Levels:           5  (LUT4=1 LUT6=3 OBUF=1)
  Clock Uncertainty:      0.025ns  ((TSJ^2 + TIJ^2)^1/2 + DJ) / 2 + PE
    Total System Jitter     (TSJ):    0.050ns
    Total Input Jitter      (TIJ):    0.000ns
    Discrete Jitter          (DJ):    0.000ns
    Phase Error              (PE):    0.000ns

    Location             Delay type                Incr(ns)  Path(ns)    Netlist Resource(s)
  -------------------------------------------------------------------    -------------------
                         (clock sys_clk_pin rise edge)
                                                      0.000     0.000 r  
    W5                                                0.000     0.000 r  clk (IN)
                         net (fo=0)                   0.000     0.000    clk
    W5                   IBUF (Prop_ibuf_I_O)         1.458     1.458 r  clk_IBUF_inst/O
                         net (fo=1, routed)           1.967     3.425    clk_IBUF
    BUFGCTRL_X0Y0        BUFG (Prop_bufg_I_O)         0.096     3.521 r  clk_IBUF_BUFG_inst/O
                         net (fo=191, routed)         1.558     5.079    BIN_LIVE/CLK
    SLICE_X50Y20         FDRE                                         r  BIN_LIVE/bcd_out_reg[7]/C
  -------------------------------------------------------------------    -------------------
    SLICE_X50Y20         FDRE (Prop_fdre_C_Q)         0.478     5.557 f  BIN_LIVE/bcd_out_reg[7]/Q
                         net (fo=1, routed)           1.134     6.691    BIN_LIVE/bcd_out_reg_n_0_[7]
    SLICE_X50Y17         LUT6 (Prop_lut6_I0_O)        0.296     6.987 f  BIN_LIVE/time_digit__2_i_5/O
                         net (fo=1, routed)           0.937     7.924    BIN_LIVE/data1[3]
    SLICE_X52Y19         LUT6 (Prop_lut6_I5_O)        0.124     8.048 f  BIN_LIVE/time_digit__2_i_2/O
                         net (fo=1, routed)           0.813     8.862    SUBSYSTEM/DIGIT_MUX/ca_OBUF_inst_i_1_5
    SLICE_X53Y21         LUT6 (Prop_lut6_I5_O)        0.124     8.986 f  SUBSYSTEM/DIGIT_MUX/time_digit__2/O
                         net (fo=7, routed)           1.186    10.171    SUBSYSTEM/DIGIT_SELECTOR/sel0[3]
    SLICE_X57Y19         LUT4 (Prop_lut4_I3_O)        0.152    10.323 r  SUBSYSTEM/DIGIT_SELECTOR/ce_OBUF_inst_i_1/O
                         net (fo=1, routed)           2.070    12.393    ce_OBUF
    U5                   OBUF (Prop_obuf_I_O)         3.728    16.121 r  ce_OBUF_inst/O
                         net (fo=0)                   0.000    16.121    ce
    U5                                                                r  ce (OUT)
  -------------------------------------------------------------------    -------------------

Slack:                    inf
  Source:                 SYNCHRONIZER/switches_outputs_reg[10]/C
                            (rising edge-triggered cell FDRE clocked by sys_clk_pin  {rise@0.000ns fall@5.000ns period=10.000ns})
  Destination:            ca
                            (output port)
  Path Group:             (none)
  Path Type:              Max at Slow Process Corner
  Data Path Delay:        10.895ns  (logic 4.463ns (40.961%)  route 6.432ns (59.039%))
  Logic Levels:           5  (LUT4=1 LUT6=3 OBUF=1)
  Clock Uncertainty:      0.025ns  ((TSJ^2 + TIJ^2)^1/2 + DJ) / 2 + PE
    Total System Jitter     (TSJ):    0.050ns
    Total Input Jitter      (TIJ):    0.000ns
    Discrete Jitter          (DJ):    0.000ns
    Phase Error              (PE):    0.000ns

    Location             Delay type                Incr(ns)  Path(ns)    Netlist Resource(s)
  -------------------------------------------------------------------    -------------------
                         (clock sys_clk_pin rise edge)
                                                      0.000     0.000 r  
    W5                                                0.000     0.000 r  clk (IN)
                         net (fo=0)                   0.000     0.000    clk
    W5                   IBUF (Prop_ibuf_I_O)         1.458     1.458 r  clk_IBUF_inst/O
                         net (fo=1, routed)           1.967     3.425    clk_IBUF
    BUFGCTRL_X0Y0        BUFG (Prop_bufg_I_O)         0.096     3.521 r  clk_IBUF_BUFG_inst/O
                         net (fo=191, routed)         1.566     5.087    SYNCHRONIZER/CLK
    SLICE_X48Y12         FDRE                                         r  SYNCHRONIZER/switches_outputs_reg[10]/C
  -------------------------------------------------------------------    -------------------
    SLICE_X48Y12         FDRE (Prop_fdre_C_Q)         0.456     5.543 r  SYNCHRONIZER/switches_outputs_reg[10]/Q
                         net (fo=4, routed)           1.366     6.909    BIN_LIVE/Q[5]
    SLICE_X50Y19         LUT6 (Prop_lut6_I1_O)        0.124     7.033 r  BIN_LIVE/time_digit__0_i_5/O
                         net (fo=1, routed)           0.806     7.839    BIN_LIVE/data1[1]
    SLICE_X51Y20         LUT6 (Prop_lut6_I5_O)        0.124     7.963 r  BIN_LIVE/time_digit__0_i_2/O
                         net (fo=1, routed)           0.806     8.769    SUBSYSTEM/DIGIT_MUX/ca_OBUF_inst_i_1_3
    SLICE_X53Y21         LUT6 (Prop_lut6_I5_O)        0.124     8.893 r  SUBSYSTEM/DIGIT_MUX/time_digit__0/O
                         net (fo=7, routed)           1.343    10.236    SUBSYSTEM/DIGIT_SELECTOR/sel0[1]
    SLICE_X57Y19         LUT4 (Prop_lut4_I1_O)        0.124    10.360 r  SUBSYSTEM/DIGIT_SELECTOR/ca_OBUF_inst_i_1/O
                         net (fo=1, routed)           2.112    12.472    ca_OBUF
    W7                   OBUF (Prop_obuf_I_O)         3.511    15.982 r  ca_OBUF_inst/O
                         net (fo=0)                   0.000    15.982    ca
    W7                                                                r  ca (OUT)
  -------------------------------------------------------------------    -------------------

Slack:                    inf
  Source:                 SYNCHRONIZER/switches_outputs_reg[10]/C
                            (rising edge-triggered cell FDRE clocked by sys_clk_pin  {rise@0.000ns fall@5.000ns period=10.000ns})
  Destination:            cf
                            (output port)
  Path Group:             (none)
  Path Type:              Max at Slow Process Corner
  Data Path Delay:        10.826ns  (logic 4.456ns (41.164%)  route 6.370ns (58.836%))
  Logic Levels:           5  (LUT4=1 LUT6=3 OBUF=1)
  Clock Uncertainty:      0.025ns  ((TSJ^2 + TIJ^2)^1/2 + DJ) / 2 + PE
    Total System Jitter     (TSJ):    0.050ns
    Total Input Jitter      (TIJ):    0.000ns
    Discrete Jitter          (DJ):    0.000ns
    Phase Error              (PE):    0.000ns

    Location             Delay type                Incr(ns)  Path(ns)    Netlist Resource(s)
  -------------------------------------------------------------------    -------------------
                         (clock sys_clk_pin rise edge)
                                                      0.000     0.000 r  
    W5                                                0.000     0.000 r  clk (IN)
                         net (fo=0)                   0.000     0.000    clk
    W5                   IBUF (Prop_ibuf_I_O)         1.458     1.458 r  clk_IBUF_inst/O
                         net (fo=1, routed)           1.967     3.425    clk_IBUF
    BUFGCTRL_X0Y0        BUFG (Prop_bufg_I_O)         0.096     3.521 r  clk_IBUF_BUFG_inst/O
                         net (fo=191, routed)         1.566     5.087    SYNCHRONIZER/CLK
    SLICE_X48Y12         FDRE                                         r  SYNCHRONIZER/switches_outputs_reg[10]/C
  -------------------------------------------------------------------    -------------------
    SLICE_X48Y12         FDRE (Prop_fdre_C_Q)         0.456     5.543 r  SYNCHRONIZER/switches_outputs_reg[10]/Q
                         net (fo=4, routed)           1.366     6.909    BIN_LIVE/Q[5]
    SLICE_X50Y19         LUT6 (Prop_lut6_I1_O)        0.124     7.033 r  BIN_LIVE/time_digit__0_i_5/O
                         net (fo=1, routed)           0.806     7.839    BIN_LIVE/data1[1]
    SLICE_X51Y20         LUT6 (Prop_lut6_I5_O)        0.124     7.963 r  BIN_LIVE/time_digit__0_i_2/O
                         net (fo=1, routed)           0.806     8.769    SUBSYSTEM/DIGIT_MUX/ca_OBUF_inst_i_1_3
    SLICE_X53Y21         LUT6 (Prop_lut6_I5_O)        0.124     8.893 r  SUBSYSTEM/DIGIT_MUX/time_digit__0/O
                         net (fo=7, routed)           1.338    10.231    SUBSYSTEM/DIGIT_SELECTOR/sel0[1]
    SLICE_X57Y19         LUT4 (Prop_lut4_I0_O)        0.124    10.355 r  SUBSYSTEM/DIGIT_SELECTOR/cf_OBUF_inst_i_1/O
                         net (fo=1, routed)           2.054    12.409    cf_OBUF
    V5                   OBUF (Prop_obuf_I_O)         3.504    15.913 r  cf_OBUF_inst/O
                         net (fo=0)                   0.000    15.913    cf
    V5                                                                r  cf (OUT)
  -------------------------------------------------------------------    -------------------

Slack:                    inf
  Source:                 BIN_LIVE/bcd_out_reg[7]/C
                            (rising edge-triggered cell FDRE clocked by sys_clk_pin  {rise@0.000ns fall@5.000ns period=10.000ns})
  Destination:            cd
                            (output port)
  Path Group:             (none)
  Path Type:              Max at Slow Process Corner
  Data Path Delay:        10.813ns  (logic 4.682ns (43.295%)  route 6.132ns (56.705%))
  Logic Levels:           5  (LUT4=1 LUT6=3 OBUF=1)
  Clock Uncertainty:      0.025ns  ((TSJ^2 + TIJ^2)^1/2 + DJ) / 2 + PE
    Total System Jitter     (TSJ):    0.050ns
    Total Input Jitter      (TIJ):    0.000ns
    Discrete Jitter          (DJ):    0.000ns
    Phase Error              (PE):    0.000ns

    Location             Delay type                Incr(ns)  Path(ns)    Netlist Resource(s)
  -------------------------------------------------------------------    -------------------
                         (clock sys_clk_pin rise edge)
                                                      0.000     0.000 r  
    W5                                                0.000     0.000 r  clk (IN)
                         net (fo=0)                   0.000     0.000    clk
    W5                   IBUF (Prop_ibuf_I_O)         1.458     1.458 r  clk_IBUF_inst/O
                         net (fo=1, routed)           1.967     3.425    clk_IBUF
    BUFGCTRL_X0Y0        BUFG (Prop_bufg_I_O)         0.096     3.521 r  clk_IBUF_BUFG_inst/O
                         net (fo=191, routed)         1.558     5.079    BIN_LIVE/CLK
    SLICE_X50Y20         FDRE                                         r  BIN_LIVE/bcd_out_reg[7]/C
  -------------------------------------------------------------------    -------------------
    SLICE_X50Y20         FDRE (Prop_fdre_C_Q)         0.478     5.557 r  BIN_LIVE/bcd_out_reg[7]/Q
                         net (fo=1, routed)           1.134     6.691    BIN_LIVE/bcd_out_reg_n_0_[7]
    SLICE_X50Y17         LUT6 (Prop_lut6_I0_O)        0.296     6.987 r  BIN_LIVE/time_digit__2_i_5/O
                         net (fo=1, routed)           0.937     7.924    BIN_LIVE/data1[3]
    SLICE_X52Y19         LUT6 (Prop_lut6_I5_O)        0.124     8.048 r  BIN_LIVE/time_digit__2_i_2/O
                         net (fo=1, routed)           0.813     8.862    SUBSYSTEM/DIGIT_MUX/ca_OBUF_inst_i_1_5
    SLICE_X53Y21         LUT6 (Prop_lut6_I5_O)        0.124     8.986 r  SUBSYSTEM/DIGIT_MUX/time_digit__2/O
                         net (fo=7, routed)           1.186    10.171    SUBSYSTEM/DIGIT_SELECTOR/sel0[3]
    SLICE_X57Y19         LUT4 (Prop_lut4_I3_O)        0.124    10.295 r  SUBSYSTEM/DIGIT_SELECTOR/cd_OBUF_inst_i_1/O
                         net (fo=1, routed)           2.062    12.357    cd_OBUF
    V8                   OBUF (Prop_obuf_I_O)         3.536    15.892 r  cd_OBUF_inst/O
                         net (fo=0)                   0.000    15.892    cd
    V8                                                                r  cd (OUT)
  -------------------------------------------------------------------    -------------------

Slack:                    inf
  Source:                 BIN_LIVE/bcd_out_reg[7]/C
                            (rising edge-triggered cell FDRE clocked by sys_clk_pin  {rise@0.000ns fall@5.000ns period=10.000ns})
  Destination:            cb
                            (output port)
  Path Group:             (none)
  Path Type:              Max at Slow Process Corner
  Data Path Delay:        10.722ns  (logic 4.675ns (43.602%)  route 6.047ns (56.398%))
  Logic Levels:           5  (LUT4=1 LUT6=3 OBUF=1)
  Clock Uncertainty:      0.025ns  ((TSJ^2 + TIJ^2)^1/2 + DJ) / 2 + PE
    Total System Jitter     (TSJ):    0.050ns
    Total Input Jitter      (TIJ):    0.000ns
    Discrete Jitter          (DJ):    0.000ns
    Phase Error              (PE):    0.000ns

    Location             Delay type                Incr(ns)  Path(ns)    Netlist Resource(s)
  -------------------------------------------------------------------    -------------------
                         (clock sys_clk_pin rise edge)
                                                      0.000     0.000 r  
    W5                                                0.000     0.000 r  clk (IN)
                         net (fo=0)                   0.000     0.000    clk
    W5                   IBUF (Prop_ibuf_I_O)         1.458     1.458 r  clk_IBUF_inst/O
                         net (fo=1, routed)           1.967     3.425    clk_IBUF
    BUFGCTRL_X0Y0        BUFG (Prop_bufg_I_O)         0.096     3.521 r  clk_IBUF_BUFG_inst/O
                         net (fo=191, routed)         1.558     5.079    BIN_LIVE/CLK
    SLICE_X50Y20         FDRE                                         r  BIN_LIVE/bcd_out_reg[7]/C
  -------------------------------------------------------------------    -------------------
    SLICE_X50Y20         FDRE (Prop_fdre_C_Q)         0.478     5.557 r  BIN_LIVE/bcd_out_reg[7]/Q
                         net (fo=1, routed)           1.134     6.691    BIN_LIVE/bcd_out_reg_n_0_[7]
    SLICE_X50Y17         LUT6 (Prop_lut6_I0_O)        0.296     6.987 r  BIN_LIVE/time_digit__2_i_5/O
                         net (fo=1, routed)           0.937     7.924    BIN_LIVE/data1[3]
    SLICE_X52Y19         LUT6 (Prop_lut6_I5_O)        0.124     8.048 r  BIN_LIVE/time_digit__2_i_2/O
                         net (fo=1, routed)           0.813     8.862    SUBSYSTEM/DIGIT_MUX/ca_OBUF_inst_i_1_5
    SLICE_X53Y21         LUT6 (Prop_lut6_I5_O)        0.124     8.986 r  SUBSYSTEM/DIGIT_MUX/time_digit__2/O
                         net (fo=7, routed)           1.181    10.166    SUBSYSTEM/DIGIT_SELECTOR/sel0[3]
    SLICE_X57Y19         LUT4 (Prop_lut4_I3_O)        0.124    10.290 r  SUBSYSTEM/DIGIT_SELECTOR/cb_OBUF_inst_i_1/O
                         net (fo=1, routed)           1.982    12.272    cb_OBUF
    W6                   OBUF (Prop_obuf_I_O)         3.529    15.802 r  cb_OBUF_inst/O
                         net (fo=0)                   0.000    15.802    cb
    W6                                                                r  cb (OUT)
  -------------------------------------------------------------------    -------------------

Slack:                    inf
  Source:                 SUBSYSTEM/DIGIT_SELECTOR/q_reg[3]/C
                            (rising edge-triggered cell FDRE clocked by sys_clk_pin  {rise@0.000ns fall@5.000ns period=10.000ns})
  Destination:            an4
                            (output port)
  Path Group:             (none)
  Path Type:              Max at Slow Process Corner
  Data Path Delay:        7.775ns  (logic 4.152ns (53.404%)  route 3.623ns (46.596%))
  Logic Levels:           2  (LUT1=1 OBUF=1)
  Clock Uncertainty:      0.025ns  ((TSJ^2 + TIJ^2)^1/2 + DJ) / 2 + PE
    Total System Jitter     (TSJ):    0.050ns
    Total Input Jitter      (TIJ):    0.000ns
    Discrete Jitter          (DJ):    0.000ns
    Phase Error              (PE):    0.000ns

    Location             Delay type                Incr(ns)  Path(ns)    Netlist Resource(s)
  -------------------------------------------------------------------    -------------------
                         (clock sys_clk_pin rise edge)
                                                      0.000     0.000 r  
    W5                                                0.000     0.000 r  clk (IN)
                         net (fo=0)                   0.000     0.000    clk
    W5                   IBUF (Prop_ibuf_I_O)         1.458     1.458 r  clk_IBUF_inst/O
                         net (fo=1, routed)           1.967     3.425    clk_IBUF
    BUFGCTRL_X0Y0        BUFG (Prop_bufg_I_O)         0.096     3.521 r  clk_IBUF_BUFG_inst/O
                         net (fo=191, routed)         1.553     5.074    SUBSYSTEM/DIGIT_SELECTOR/CLK
    SLICE_X56Y23         FDRE                                         r  SUBSYSTEM/DIGIT_SELECTOR/q_reg[3]/C
  -------------------------------------------------------------------    -------------------
    SLICE_X56Y23         FDRE (Prop_fdre_C_Q)         0.518     5.592 f  SUBSYSTEM/DIGIT_SELECTOR/q_reg[3]/Q
                         net (fo=7, routed)           1.490     7.083    SUBSYSTEM/DIGIT_SELECTOR/d[0]
    SLICE_X56Y23         LUT1 (Prop_lut1_I0_O)        0.124     7.207 r  SUBSYSTEM/DIGIT_SELECTOR/an4_OBUF_inst_i_1/O
                         net (fo=1, routed)           2.132     9.339    an4_OBUF
    W4                   OBUF (Prop_obuf_I_O)         3.510    12.849 r  an4_OBUF_inst/O
                         net (fo=0)                   0.000    12.849    an4
    W4                                                                r  an4 (OUT)
  -------------------------------------------------------------------    -------------------

Slack:                    inf
  Source:                 SYNCHRONIZER/switches_outputs_reg[0]_lopt_replica/C
                            (rising edge-triggered cell FDRE clocked by sys_clk_pin  {rise@0.000ns fall@5.000ns period=10.000ns})
  Destination:            led[15]
                            (output port)
  Path Group:             (none)
  Path Type:              Max at Slow Process Corner
  Data Path Delay:        7.769ns  (logic 4.039ns (51.996%)  route 3.729ns (48.004%))
  Logic Levels:           1  (OBUF=1)
  Clock Uncertainty:      0.025ns  ((TSJ^2 + TIJ^2)^1/2 + DJ) / 2 + PE
    Total System Jitter     (TSJ):    0.050ns
    Total Input Jitter      (TIJ):    0.000ns
    Discrete Jitter          (DJ):    0.000ns
    Phase Error              (PE):    0.000ns

    Location             Delay type                Incr(ns)  Path(ns)    Netlist Resource(s)
  -------------------------------------------------------------------    -------------------
                         (clock sys_clk_pin rise edge)
                                                      0.000     0.000 r  
    W5                                                0.000     0.000 r  clk (IN)
                         net (fo=0)                   0.000     0.000    clk
    W5                   IBUF (Prop_ibuf_I_O)         1.458     1.458 r  clk_IBUF_inst/O
                         net (fo=1, routed)           1.967     3.425    clk_IBUF
    BUFGCTRL_X0Y0        BUFG (Prop_bufg_I_O)         0.096     3.521 r  clk_IBUF_BUFG_inst/O
                         net (fo=191, routed)         1.554     5.075    SYNCHRONIZER/CLK
    SLICE_X54Y27         FDRE                                         r  SYNCHRONIZER/switches_outputs_reg[0]_lopt_replica/C
  -------------------------------------------------------------------    -------------------
    SLICE_X54Y27         FDRE (Prop_fdre_C_Q)         0.518     5.593 r  SYNCHRONIZER/switches_outputs_reg[0]_lopt_replica/Q
                         net (fo=1, routed)           3.729     9.323    lopt_6
    L1                   OBUF (Prop_obuf_I_O)         3.521    12.844 r  led_OBUF[15]_inst/O
                         net (fo=0)                   0.000    12.844    led[15]
    L1                                                                r  led[15] (OUT)
  -------------------------------------------------------------------    -------------------

Slack:                    inf
  Source:                 SYNCHRONIZER/switches_outputs_reg[14]_lopt_replica/C
                            (rising edge-triggered cell FDRE clocked by sys_clk_pin  {rise@0.000ns fall@5.000ns period=10.000ns})
  Destination:            led[1]
                            (output port)
  Path Group:             (none)
  Path Type:              Max at Slow Process Corner
  Data Path Delay:        7.612ns  (logic 4.180ns (54.909%)  route 3.432ns (45.091%))
  Logic Levels:           1  (OBUF=1)
  Clock Uncertainty:      0.025ns  ((TSJ^2 + TIJ^2)^1/2 + DJ) / 2 + PE
    Total System Jitter     (TSJ):    0.050ns
    Total Input Jitter      (TIJ):    0.000ns
    Discrete Jitter          (DJ):    0.000ns
    Phase Error              (PE):    0.000ns

    Location             Delay type                Incr(ns)  Path(ns)    Netlist Resource(s)
  -------------------------------------------------------------------    -------------------
                         (clock sys_clk_pin rise edge)
                                                      0.000     0.000 r  
    W5                                                0.000     0.000 r  clk (IN)
                         net (fo=0)                   0.000     0.000    clk
    W5                   IBUF (Prop_ibuf_I_O)         1.458     1.458 r  clk_IBUF_inst/O
                         net (fo=1, routed)           1.967     3.425    clk_IBUF
    BUFGCTRL_X0Y0        BUFG (Prop_bufg_I_O)         0.096     3.521 r  clk_IBUF_BUFG_inst/O
                         net (fo=191, routed)         1.555     5.076    SYNCHRONIZER/CLK
    SLICE_X46Y19         FDRE                                         r  SYNCHRONIZER/switches_outputs_reg[14]_lopt_replica/C
  -------------------------------------------------------------------    -------------------
    SLICE_X46Y19         FDRE (Prop_fdre_C_Q)         0.478     5.554 r  SYNCHRONIZER/switches_outputs_reg[14]_lopt_replica/Q
                         net (fo=1, routed)           3.432     8.987    lopt_7
    E19                  OBUF (Prop_obuf_I_O)         3.702    12.688 r  led_OBUF[1]_inst/O
                         net (fo=0)                   0.000    12.688    led[1]
    E19                                                               r  led[1] (OUT)
  -------------------------------------------------------------------    -------------------





Min Delay Paths
--------------------------------------------------------------------------------------
Slack:                    inf
  Source:                 SYNCHRONIZER/switches_outputs_reg[4]_lopt_replica/C
                            (rising edge-triggered cell FDRE clocked by sys_clk_pin  {rise@0.000ns fall@5.000ns period=10.000ns})
  Destination:            led[11]
                            (output port)
  Path Group:             (none)
  Path Type:              Min at Fast Process Corner
  Data Path Delay:        2.006ns  (logic 1.369ns (68.229%)  route 0.637ns (31.771%))
  Logic Levels:           1  (OBUF=1)
  Clock Uncertainty:      0.025ns  ((TSJ^2 + TIJ^2)^1/2 + DJ) / 2 + PE
    Total System Jitter     (TSJ):    0.050ns
    Total Input Jitter      (TIJ):    0.000ns
    Discrete Jitter          (DJ):    0.000ns
    Phase Error              (PE):    0.000ns

    Location             Delay type                Incr(ns)  Path(ns)    Netlist Resource(s)
  -------------------------------------------------------------------    -------------------
                         (clock sys_clk_pin rise edge)
                                                      0.000     0.000 r  
    W5                                                0.000     0.000 r  clk (IN)
                         net (fo=0)                   0.000     0.000    clk
    W5                   IBUF (Prop_ibuf_I_O)         0.226     0.226 r  clk_IBUF_inst/O
                         net (fo=1, routed)           0.631     0.858    clk_IBUF
    BUFGCTRL_X0Y0        BUFG (Prop_bufg_I_O)         0.026     0.884 r  clk_IBUF_BUFG_inst/O
                         net (fo=191, routed)         0.559     1.442    SYNCHRONIZER/CLK
    SLICE_X56Y20         FDRE                                         r  SYNCHRONIZER/switches_outputs_reg[4]_lopt_replica/C
  -------------------------------------------------------------------    -------------------
    SLICE_X56Y20         FDRE (Prop_fdre_C_Q)         0.164     1.606 r  SYNCHRONIZER/switches_outputs_reg[4]_lopt_replica/Q
                         net (fo=1, routed)           0.637     2.244    lopt_2
    U3                   OBUF (Prop_obuf_I_O)         1.205     3.448 r  led_OBUF[11]_inst/O
                         net (fo=0)                   0.000     3.448    led[11]
    U3                                                                r  led[11] (OUT)
  -------------------------------------------------------------------    -------------------

Slack:                    inf
  Source:                 SYNCHRONIZER/switches_outputs_reg[12]_lopt_replica/C
                            (rising edge-triggered cell FDRE clocked by sys_clk_pin  {rise@0.000ns fall@5.000ns period=10.000ns})
  Destination:            led[3]
                            (output port)
  Path Group:             (none)
  Path Type:              Min at Fast Process Corner
  Data Path Delay:        2.179ns  (logic 1.351ns (61.996%)  route 0.828ns (38.004%))
  Logic Levels:           1  (OBUF=1)
  Clock Uncertainty:      0.025ns  ((TSJ^2 + TIJ^2)^1/2 + DJ) / 2 + PE
    Total System Jitter     (TSJ):    0.050ns
    Total Input Jitter      (TIJ):    0.000ns
    Discrete Jitter          (DJ):    0.000ns
    Phase Error              (PE):    0.000ns

    Location             Delay type                Incr(ns)  Path(ns)    Netlist Resource(s)
  -------------------------------------------------------------------    -------------------
                         (clock sys_clk_pin rise edge)
                                                      0.000     0.000 r  
    W5                                                0.000     0.000 r  clk (IN)
                         net (fo=0)                   0.000     0.000    clk
    W5                   IBUF (Prop_ibuf_I_O)         0.226     0.226 r  clk_IBUF_inst/O
                         net (fo=1, routed)           0.631     0.858    clk_IBUF
    BUFGCTRL_X0Y0        BUFG (Prop_bufg_I_O)         0.026     0.884 r  clk_IBUF_BUFG_inst/O
                         net (fo=191, routed)         0.555     1.438    SYNCHRONIZER/CLK
    SLICE_X36Y19         FDRE                                         r  SYNCHRONIZER/switches_outputs_reg[12]_lopt_replica/C
  -------------------------------------------------------------------    -------------------
    SLICE_X36Y19         FDRE (Prop_fdre_C_Q)         0.141     1.579 r  SYNCHRONIZER/switches_outputs_reg[12]_lopt_replica/Q
                         net (fo=1, routed)           0.828     2.407    lopt_9
    V19                  OBUF (Prop_obuf_I_O)         1.210     3.617 r  led_OBUF[3]_inst/O
                         net (fo=0)                   0.000     3.617    led[3]
    V19                                                               r  led[3] (OUT)
  -------------------------------------------------------------------    -------------------

Slack:                    inf
  Source:                 SYNCHRONIZER/switches_outputs_reg[5]_lopt_replica/C
                            (rising edge-triggered cell FDRE clocked by sys_clk_pin  {rise@0.000ns fall@5.000ns period=10.000ns})
  Destination:            led[10]
                            (output port)
  Path Group:             (none)
  Path Type:              Min at Fast Process Corner
  Data Path Delay:        2.176ns  (logic 1.390ns (63.890%)  route 0.786ns (36.110%))
  Logic Levels:           1  (OBUF=1)
  Clock Uncertainty:      0.025ns  ((TSJ^2 + TIJ^2)^1/2 + DJ) / 2 + PE
    Total System Jitter     (TSJ):    0.050ns
    Total Input Jitter      (TIJ):    0.000ns
    Discrete Jitter          (DJ):    0.000ns
    Phase Error              (PE):    0.000ns

    Location             Delay type                Incr(ns)  Path(ns)    Netlist Resource(s)
  -------------------------------------------------------------------    -------------------
                         (clock sys_clk_pin rise edge)
                                                      0.000     0.000 r  
    W5                                                0.000     0.000 r  clk (IN)
                         net (fo=0)                   0.000     0.000    clk
    W5                   IBUF (Prop_ibuf_I_O)         0.226     0.226 r  clk_IBUF_inst/O
                         net (fo=1, routed)           0.631     0.858    clk_IBUF
    BUFGCTRL_X0Y0        BUFG (Prop_bufg_I_O)         0.026     0.884 r  clk_IBUF_BUFG_inst/O
                         net (fo=191, routed)         0.559     1.442    SYNCHRONIZER/CLK
    SLICE_X54Y18         FDRE                                         r  SYNCHRONIZER/switches_outputs_reg[5]_lopt_replica/C
  -------------------------------------------------------------------    -------------------
    SLICE_X54Y18         FDRE (Prop_fdre_C_Q)         0.164     1.606 r  SYNCHRONIZER/switches_outputs_reg[5]_lopt_replica/Q
                         net (fo=1, routed)           0.786     2.392    lopt_1
    W3                   OBUF (Prop_obuf_I_O)         1.226     3.618 r  led_OBUF[10]_inst/O
                         net (fo=0)                   0.000     3.618    led[10]
    W3                                                                r  led[10] (OUT)
  -------------------------------------------------------------------    -------------------

Slack:                    inf
  Source:                 SUBSYSTEM/DIGIT_SELECTOR/q_reg[1]/C
                            (rising edge-triggered cell FDSE clocked by sys_clk_pin  {rise@0.000ns fall@5.000ns period=10.000ns})
  Destination:            an2
                            (output port)
  Path Group:             (none)
  Path Type:              Min at Fast Process Corner
  Data Path Delay:        2.208ns  (logic 1.426ns (64.594%)  route 0.782ns (35.406%))
  Logic Levels:           2  (LUT1=1 OBUF=1)
  Clock Uncertainty:      0.025ns  ((TSJ^2 + TIJ^2)^1/2 + DJ) / 2 + PE
    Total System Jitter     (TSJ):    0.050ns
    Total Input Jitter      (TIJ):    0.000ns
    Discrete Jitter          (DJ):    0.000ns
    Phase Error              (PE):    0.000ns

    Location             Delay type                Incr(ns)  Path(ns)    Netlist Resource(s)
  -------------------------------------------------------------------    -------------------
                         (clock sys_clk_pin rise edge)
                                                      0.000     0.000 r  
    W5                                                0.000     0.000 r  clk (IN)
                         net (fo=0)                   0.000     0.000    clk
    W5                   IBUF (Prop_ibuf_I_O)         0.226     0.226 r  clk_IBUF_inst/O
                         net (fo=1, routed)           0.631     0.858    clk_IBUF
    BUFGCTRL_X0Y0        BUFG (Prop_bufg_I_O)         0.026     0.884 r  clk_IBUF_BUFG_inst/O
                         net (fo=191, routed)         0.556     1.439    SUBSYSTEM/DIGIT_SELECTOR/CLK
    SLICE_X55Y22         FDSE                                         r  SUBSYSTEM/DIGIT_SELECTOR/q_reg[1]/C
  -------------------------------------------------------------------    -------------------
    SLICE_X55Y22         FDSE (Prop_fdse_C_Q)         0.128     1.567 f  SUBSYSTEM/DIGIT_SELECTOR/q_reg[1]/Q
                         net (fo=13, routed)          0.191     1.758    SUBSYSTEM/DIGIT_SELECTOR/q_reg[1]_0
    SLICE_X55Y22         LUT1 (Prop_lut1_I0_O)        0.098     1.856 r  SUBSYSTEM/DIGIT_SELECTOR/an2_OBUF_inst_i_1/O
                         net (fo=1, routed)           0.590     2.447    an2_OBUF
    U4                   OBUF (Prop_obuf_I_O)         1.200     3.647 r  an2_OBUF_inst/O
                         net (fo=0)                   0.000     3.647    an2
    U4                                                                r  an2 (OUT)
  -------------------------------------------------------------------    -------------------

Slack:                    inf
  Source:                 SYNCHRONIZER/switches_outputs_reg[6]_lopt_replica/C
                            (rising edge-triggered cell FDRE clocked by sys_clk_pin  {rise@0.000ns fall@5.000ns period=10.000ns})
  Destination:            led[9]
                            (output port)
  Path Group:             (none)
  Path Type:              Min at Fast Process Corner
  Data Path Delay:        2.217ns  (logic 1.373ns (61.931%)  route 0.844ns (38.069%))
  Logic Levels:           1  (OBUF=1)
  Clock Uncertainty:      0.025ns  ((TSJ^2 + TIJ^2)^1/2 + DJ) / 2 + PE
    Total System Jitter     (TSJ):    0.050ns
    Total Input Jitter      (TIJ):    0.000ns
    Discrete Jitter          (DJ):    0.000ns
    Phase Error              (PE):    0.000ns

    Location             Delay type                Incr(ns)  Path(ns)    Netlist Resource(s)
  -------------------------------------------------------------------    -------------------
                         (clock sys_clk_pin rise edge)
                                                      0.000     0.000 r  
    W5                                                0.000     0.000 r  clk (IN)
                         net (fo=0)                   0.000     0.000    clk
    W5                   IBUF (Prop_ibuf_I_O)         0.226     0.226 r  clk_IBUF_inst/O
                         net (fo=1, routed)           0.631     0.858    clk_IBUF
    BUFGCTRL_X0Y0        BUFG (Prop_bufg_I_O)         0.026     0.884 r  clk_IBUF_BUFG_inst/O
                         net (fo=191, routed)         0.559     1.442    SYNCHRONIZER/CLK
    SLICE_X54Y18         FDRE                                         r  SYNCHRONIZER/switches_outputs_reg[6]_lopt_replica/C
  -------------------------------------------------------------------    -------------------
    SLICE_X54Y18         FDRE (Prop_fdre_C_Q)         0.164     1.606 r  SYNCHRONIZER/switches_outputs_reg[6]_lopt_replica/Q
                         net (fo=1, routed)           0.844     2.450    lopt_15
    V3                   OBUF (Prop_obuf_I_O)         1.209     3.660 r  led_OBUF[9]_inst/O
                         net (fo=0)                   0.000     3.660    led[9]
    V3                                                                r  led[9] (OUT)
  -------------------------------------------------------------------    -------------------

Slack:                    inf
  Source:                 SYNCHRONIZER/switches_outputs_reg[8]_lopt_replica/C
                            (rising edge-triggered cell FDRE clocked by sys_clk_pin  {rise@0.000ns fall@5.000ns period=10.000ns})
  Destination:            led[7]
                            (output port)
  Path Group:             (none)
  Path Type:              Min at Fast Process Corner
  Data Path Delay:        2.216ns  (logic 1.343ns (60.588%)  route 0.874ns (39.412%))
  Logic Levels:           1  (OBUF=1)
  Clock Uncertainty:      0.025ns  ((TSJ^2 + TIJ^2)^1/2 + DJ) / 2 + PE
    Total System Jitter     (TSJ):    0.050ns
    Total Input Jitter      (TIJ):    0.000ns
    Discrete Jitter          (DJ):    0.000ns
    Phase Error              (PE):    0.000ns

    Location             Delay type                Incr(ns)  Path(ns)    Netlist Resource(s)
  -------------------------------------------------------------------    -------------------
                         (clock sys_clk_pin rise edge)
                                                      0.000     0.000 r  
    W5                                                0.000     0.000 r  clk (IN)
                         net (fo=0)                   0.000     0.000    clk
    W5                   IBUF (Prop_ibuf_I_O)         0.226     0.226 r  clk_IBUF_inst/O
                         net (fo=1, routed)           0.631     0.858    clk_IBUF
    BUFGCTRL_X0Y0        BUFG (Prop_bufg_I_O)         0.026     0.884 r  clk_IBUF_BUFG_inst/O
                         net (fo=191, routed)         0.563     1.446    SYNCHRONIZER/CLK
    SLICE_X48Y12         FDRE                                         r  SYNCHRONIZER/switches_outputs_reg[8]_lopt_replica/C
  -------------------------------------------------------------------    -------------------
    SLICE_X48Y12         FDRE (Prop_fdre_C_Q)         0.141     1.587 r  SYNCHRONIZER/switches_outputs_reg[8]_lopt_replica/Q
                         net (fo=1, routed)           0.874     2.461    lopt_13
    V14                  OBUF (Prop_obuf_I_O)         1.202     3.662 r  led_OBUF[7]_inst/O
                         net (fo=0)                   0.000     3.662    led[7]
    V14                                                               r  led[7] (OUT)
  -------------------------------------------------------------------    -------------------

Slack:                    inf
  Source:                 SYNCHRONIZER/switches_outputs_reg[9]_lopt_replica/C
                            (rising edge-triggered cell FDRE clocked by sys_clk_pin  {rise@0.000ns fall@5.000ns period=10.000ns})
  Destination:            led[6]
                            (output port)
  Path Group:             (none)
  Path Type:              Min at Fast Process Corner
  Data Path Delay:        2.220ns  (logic 1.348ns (60.733%)  route 0.872ns (39.267%))
  Logic Levels:           1  (OBUF=1)
  Clock Uncertainty:      0.025ns  ((TSJ^2 + TIJ^2)^1/2 + DJ) / 2 + PE
    Total System Jitter     (TSJ):    0.050ns
    Total Input Jitter      (TIJ):    0.000ns
    Discrete Jitter          (DJ):    0.000ns
    Phase Error              (PE):    0.000ns

    Location             Delay type                Incr(ns)  Path(ns)    Netlist Resource(s)
  -------------------------------------------------------------------    -------------------
                         (clock sys_clk_pin rise edge)
                                                      0.000     0.000 r  
    W5                                                0.000     0.000 r  clk (IN)
                         net (fo=0)                   0.000     0.000    clk
    W5                   IBUF (Prop_ibuf_I_O)         0.226     0.226 r  clk_IBUF_inst/O
                         net (fo=1, routed)           0.631     0.858    clk_IBUF
    BUFGCTRL_X0Y0        BUFG (Prop_bufg_I_O)         0.026     0.884 r  clk_IBUF_BUFG_inst/O
                         net (fo=191, routed)         0.562     1.445    SYNCHRONIZER/CLK
    SLICE_X48Y14         FDRE                                         r  SYNCHRONIZER/switches_outputs_reg[9]_lopt_replica/C
  -------------------------------------------------------------------    -------------------
    SLICE_X48Y14         FDRE (Prop_fdre_C_Q)         0.141     1.586 r  SYNCHRONIZER/switches_outputs_reg[9]_lopt_replica/Q
                         net (fo=1, routed)           0.872     2.458    lopt_12
    U14                  OBUF (Prop_obuf_I_O)         1.207     3.665 r  led_OBUF[6]_inst/O
                         net (fo=0)                   0.000     3.665    led[6]
    U14                                                               r  led[6] (OUT)
  -------------------------------------------------------------------    -------------------

Slack:                    inf
  Source:                 SUBSYSTEM/DIGIT_SELECTOR/q_reg[2]/C
                            (rising edge-triggered cell FDSE clocked by sys_clk_pin  {rise@0.000ns fall@5.000ns period=10.000ns})
  Destination:            an3
                            (output port)
  Path Group:             (none)
  Path Type:              Min at Fast Process Corner
  Data Path Delay:        2.239ns  (logic 1.469ns (65.613%)  route 0.770ns (34.387%))
  Logic Levels:           2  (LUT1=1 OBUF=1)
  Clock Uncertainty:      0.025ns  ((TSJ^2 + TIJ^2)^1/2 + DJ) / 2 + PE
    Total System Jitter     (TSJ):    0.050ns
    Total Input Jitter      (TIJ):    0.000ns
    Discrete Jitter          (DJ):    0.000ns
    Phase Error              (PE):    0.000ns

    Location             Delay type                Incr(ns)  Path(ns)    Netlist Resource(s)
  -------------------------------------------------------------------    -------------------
                         (clock sys_clk_pin rise edge)
                                                      0.000     0.000 r  
    W5                                                0.000     0.000 r  clk (IN)
                         net (fo=0)                   0.000     0.000    clk
    W5                   IBUF (Prop_ibuf_I_O)         0.226     0.226 r  clk_IBUF_inst/O
                         net (fo=1, routed)           0.631     0.858    clk_IBUF
    BUFGCTRL_X0Y0        BUFG (Prop_bufg_I_O)         0.026     0.884 r  clk_IBUF_BUFG_inst/O
                         net (fo=191, routed)         0.553     1.436    SUBSYSTEM/DIGIT_SELECTOR/CLK
    SLICE_X55Y24         FDSE                                         r  SUBSYSTEM/DIGIT_SELECTOR/q_reg[2]/C
  -------------------------------------------------------------------    -------------------
    SLICE_X55Y24         FDSE (Prop_fdse_C_Q)         0.141     1.577 f  SUBSYSTEM/DIGIT_SELECTOR/q_reg[2]/Q
                         net (fo=11, routed)          0.183     1.760    SUBSYSTEM/DIGIT_SELECTOR/q_reg[2]_0
    SLICE_X55Y24         LUT1 (Prop_lut1_I0_O)        0.042     1.802 r  SUBSYSTEM/DIGIT_SELECTOR/an3_OBUF_inst_i_1/O
                         net (fo=1, routed)           0.587     2.389    an3_OBUF
    V4                   OBUF (Prop_obuf_I_O)         1.286     3.675 r  an3_OBUF_inst/O
                         net (fo=0)                   0.000     3.675    an3
    V4                                                                r  an3 (OUT)
  -------------------------------------------------------------------    -------------------

Slack:                    inf
  Source:                 SYNCHRONIZER/switches_outputs_reg[13]_lopt_replica/C
                            (rising edge-triggered cell FDRE clocked by sys_clk_pin  {rise@0.000ns fall@5.000ns period=10.000ns})
  Destination:            led[2]
                            (output port)
  Path Group:             (none)
  Path Type:              Min at Fast Process Corner
  Data Path Delay:        2.338ns  (logic 1.403ns (60.015%)  route 0.935ns (39.985%))
  Logic Levels:           1  (OBUF=1)
  Clock Uncertainty:      0.025ns  ((TSJ^2 + TIJ^2)^1/2 + DJ) / 2 + PE
    Total System Jitter     (TSJ):    0.050ns
    Total Input Jitter      (TIJ):    0.000ns
    Discrete Jitter          (DJ):    0.000ns
    Phase Error              (PE):    0.000ns

    Location             Delay type                Incr(ns)  Path(ns)    Netlist Resource(s)
  -------------------------------------------------------------------    -------------------
                         (clock sys_clk_pin rise edge)
                                                      0.000     0.000 r  
    W5                                                0.000     0.000 r  clk (IN)
                         net (fo=0)                   0.000     0.000    clk
    W5                   IBUF (Prop_ibuf_I_O)         0.226     0.226 r  clk_IBUF_inst/O
                         net (fo=1, routed)           0.631     0.858    clk_IBUF
    BUFGCTRL_X0Y0        BUFG (Prop_bufg_I_O)         0.026     0.884 r  clk_IBUF_BUFG_inst/O
                         net (fo=191, routed)         0.556     1.439    SYNCHRONIZER/CLK
    SLICE_X46Y19         FDRE                                         r  SYNCHRONIZER/switches_outputs_reg[13]_lopt_replica/C
  -------------------------------------------------------------------    -------------------
    SLICE_X46Y19         FDRE (Prop_fdre_C_Q)         0.148     1.587 r  SYNCHRONIZER/switches_outputs_reg[13]_lopt_replica/Q
                         net (fo=1, routed)           0.935     2.522    lopt_8
    U19                  OBUF (Prop_obuf_I_O)         1.255     3.777 r  led_OBUF[2]_inst/O
                         net (fo=0)                   0.000     3.777    led[2]
    U19                                                               r  led[2] (OUT)
  -------------------------------------------------------------------    -------------------

Slack:                    inf
  Source:                 SYNCHRONIZER/switches_outputs_reg[1]_lopt_replica/C
                            (rising edge-triggered cell FDRE clocked by sys_clk_pin  {rise@0.000ns fall@5.000ns period=10.000ns})
  Destination:            led[14]
                            (output port)
  Path Group:             (none)
  Path Type:              Min at Fast Process Corner
  Data Path Delay:        2.368ns  (logic 1.380ns (58.284%)  route 0.988ns (41.716%))
  Logic Levels:           1  (OBUF=1)
  Clock Uncertainty:      0.025ns  ((TSJ^2 + TIJ^2)^1/2 + DJ) / 2 + PE
    Total System Jitter     (TSJ):    0.050ns
    Total Input Jitter      (TIJ):    0.000ns
    Discrete Jitter          (DJ):    0.000ns
    Phase Error              (PE):    0.000ns

    Location             Delay type                Incr(ns)  Path(ns)    Netlist Resource(s)
  -------------------------------------------------------------------    -------------------
                         (clock sys_clk_pin rise edge)
                                                      0.000     0.000 r  
    W5                                                0.000     0.000 r  clk (IN)
                         net (fo=0)                   0.000     0.000    clk
    W5                   IBUF (Prop_ibuf_I_O)         0.226     0.226 r  clk_IBUF_inst/O
                         net (fo=1, routed)           0.631     0.858    clk_IBUF
    BUFGCTRL_X0Y0        BUFG (Prop_bufg_I_O)         0.026     0.884 r  clk_IBUF_BUFG_inst/O
                         net (fo=191, routed)         0.556     1.439    SYNCHRONIZER/CLK
    SLICE_X54Y27         FDRE                                         r  SYNCHRONIZER/switches_outputs_reg[1]_lopt_replica/C
  -------------------------------------------------------------------    -------------------
    SLICE_X54Y27         FDRE (Prop_fdre_C_Q)         0.164     1.603 r  SYNCHRONIZER/switches_outputs_reg[1]_lopt_replica/Q
                         net (fo=1, routed)           0.988     2.591    lopt_5
    P1                   OBUF (Prop_obuf_I_O)         1.216     3.808 r  led_OBUF[14]_inst/O
                         net (fo=0)                   0.000     3.808    led[14]
    P1                                                                r  led[14] (OUT)
  -------------------------------------------------------------------    -------------------





--------------------------------------------------------------------------------------
Path Group:  (none)
From Clock:  
  To Clock:  sys_clk_pin

Max Delay           175 Endpoints
Min Delay           175 Endpoints
--------------------------------------------------------------------------------------


Max Delay Paths
--------------------------------------------------------------------------------------
Slack:                    inf
  Source:                 reset
                            (input port)
  Destination:            SUBSYSTEM/DIGIT_SELECTOR/q_reg[3]/D
                            (rising edge-triggered cell FDRE clocked by sys_clk_pin  {rise@0.000ns fall@5.000ns period=10.000ns})
  Path Group:             (none)
  Path Type:              Setup (Max at Slow Process Corner)
  Data Path Delay:        6.458ns  (logic 1.715ns (26.559%)  route 4.743ns (73.441%))
  Logic Levels:           3  (IBUF=1 LUT4=1 LUT5=1)
  Clock Path Skew:        4.779ns (DCD - SCD + CPR)
    Destination Clock Delay (DCD):    4.779ns
    Source Clock Delay      (SCD):    0.000ns
    Clock Pessimism Removal (CPR):    0.000ns
  Clock Uncertainty:      0.025ns  ((TSJ^2 + TIJ^2)^1/2 + DJ) / 2 + PE
    Total System Jitter     (TSJ):    0.050ns
    Total Input Jitter      (TIJ):    0.000ns
    Discrete Jitter          (DJ):    0.000ns
    Phase Error              (PE):    0.000ns

    Location             Delay type                Incr(ns)  Path(ns)    Netlist Resource(s)
  -------------------------------------------------------------------    -------------------
    U18                                               0.000     0.000 r  reset (IN)
                         net (fo=0)                   0.000     0.000    reset
    U18                  IBUF (Prop_ibuf_I_O)         1.441     1.441 r  reset_IBUF_inst/O
                         net (fo=63, routed)          4.004     5.445    SUBSYSTEM/DIGIT_SELECTOR/SR[0]
    SLICE_X55Y24         LUT5 (Prop_lut5_I0_O)        0.124     5.569 r  SUBSYSTEM/DIGIT_SELECTOR/q[3]_i_3/O
                         net (fo=1, routed)           0.739     6.308    SUBSYSTEM/DIGIT_SELECTOR/q[3]_i_3_n_0
    SLICE_X56Y23         LUT4 (Prop_lut4_I3_O)        0.150     6.458 r  SUBSYSTEM/DIGIT_SELECTOR/q[3]_i_1/O
                         net (fo=1, routed)           0.000     6.458    SUBSYSTEM/DIGIT_SELECTOR/q[3]_i_1_n_0
    SLICE_X56Y23         FDRE                                         r  SUBSYSTEM/DIGIT_SELECTOR/q_reg[3]/D
  -------------------------------------------------------------------    -------------------

                         (clock sys_clk_pin rise edge)
                                                      0.000     0.000 r  
    W5                                                0.000     0.000 r  clk (IN)
                         net (fo=0)                   0.000     0.000    clk
    W5                   IBUF (Prop_ibuf_I_O)         1.388     1.388 r  clk_IBUF_inst/O
                         net (fo=1, routed)           1.862     3.250    clk_IBUF
    BUFGCTRL_X0Y0        BUFG (Prop_bufg_I_O)         0.091     3.341 r  clk_IBUF_BUFG_inst/O
                         net (fo=191, routed)         1.438     4.779    SUBSYSTEM/DIGIT_SELECTOR/CLK
    SLICE_X56Y23         FDRE                                         r  SUBSYSTEM/DIGIT_SELECTOR/q_reg[3]/C

Slack:                    inf
  Source:                 reset
                            (input port)
  Destination:            BIN_LIVE/scratch_reg[13]/R
                            (rising edge-triggered cell FDRE clocked by sys_clk_pin  {rise@0.000ns fall@5.000ns period=10.000ns})
  Path Group:             (none)
  Path Type:              Setup (Max at Slow Process Corner)
  Data Path Delay:        6.033ns  (logic 1.595ns (26.445%)  route 4.437ns (73.555%))
  Logic Levels:           2  (IBUF=1 LUT2=1)
  Clock Path Skew:        4.779ns (DCD - SCD + CPR)
    Destination Clock Delay (DCD):    4.779ns
    Source Clock Delay      (SCD):    0.000ns
    Clock Pessimism Removal (CPR):    0.000ns
  Clock Uncertainty:      0.025ns  ((TSJ^2 + TIJ^2)^1/2 + DJ) / 2 + PE
    Total System Jitter     (TSJ):    0.050ns
    Total Input Jitter      (TIJ):    0.000ns
    Discrete Jitter          (DJ):    0.000ns
    Phase Error              (PE):    0.000ns

    Location             Delay type                Incr(ns)  Path(ns)    Netlist Resource(s)
  -------------------------------------------------------------------    -------------------
    U18                                               0.000     0.000 r  reset (IN)
                         net (fo=0)                   0.000     0.000    reset
    U18                  IBUF (Prop_ibuf_I_O)         1.441     1.441 r  reset_IBUF_inst/O
                         net (fo=63, routed)          3.461     4.902    SYNCHRONIZER/count_reg[4][0]
    SLICE_X51Y18         LUT2 (Prop_lut2_I0_O)        0.154     5.056 r  SYNCHRONIZER/count[4]_i_1__0/O
                         net (fo=41, routed)          0.977     6.033    BIN_LIVE/SR[0]
    SLICE_X52Y22         FDRE                                         r  BIN_LIVE/scratch_reg[13]/R
  -------------------------------------------------------------------    -------------------

                         (clock sys_clk_pin rise edge)
                                                      0.000     0.000 r  
    W5                                                0.000     0.000 r  clk (IN)
                         net (fo=0)                   0.000     0.000    clk
    W5                   IBUF (Prop_ibuf_I_O)         1.388     1.388 r  clk_IBUF_inst/O
                         net (fo=1, routed)           1.862     3.250    clk_IBUF
    BUFGCTRL_X0Y0        BUFG (Prop_bufg_I_O)         0.091     3.341 r  clk_IBUF_BUFG_inst/O
                         net (fo=191, routed)         1.438     4.779    BIN_LIVE/CLK
    SLICE_X52Y22         FDRE                                         r  BIN_LIVE/scratch_reg[13]/C

Slack:                    inf
  Source:                 reset
                            (input port)
  Destination:            BIN_LIVE/scratch_reg[14]/R
                            (rising edge-triggered cell FDRE clocked by sys_clk_pin  {rise@0.000ns fall@5.000ns period=10.000ns})
  Path Group:             (none)
  Path Type:              Setup (Max at Slow Process Corner)
  Data Path Delay:        6.033ns  (logic 1.595ns (26.445%)  route 4.437ns (73.555%))
  Logic Levels:           2  (IBUF=1 LUT2=1)
  Clock Path Skew:        4.779ns (DCD - SCD + CPR)
    Destination Clock Delay (DCD):    4.779ns
    Source Clock Delay      (SCD):    0.000ns
    Clock Pessimism Removal (CPR):    0.000ns
  Clock Uncertainty:      0.025ns  ((TSJ^2 + TIJ^2)^1/2 + DJ) / 2 + PE
    Total System Jitter     (TSJ):    0.050ns
    Total Input Jitter      (TIJ):    0.000ns
    Discrete Jitter          (DJ):    0.000ns
    Phase Error              (PE):    0.000ns

    Location             Delay type                Incr(ns)  Path(ns)    Netlist Resource(s)
  -------------------------------------------------------------------    -------------------
    U18                                               0.000     0.000 r  reset (IN)
                         net (fo=0)                   0.000     0.000    reset
    U18                  IBUF (Prop_ibuf_I_O)         1.441     1.441 r  reset_IBUF_inst/O
                         net (fo=63, routed)          3.461     4.902    SYNCHRONIZER/count_reg[4][0]
    SLICE_X51Y18         LUT2 (Prop_lut2_I0_O)        0.154     5.056 r  SYNCHRONIZER/count[4]_i_1__0/O
                         net (fo=41, routed)          0.977     6.033    BIN_LIVE/SR[0]
    SLICE_X52Y22         FDRE                                         r  BIN_LIVE/scratch_reg[14]/R
  -------------------------------------------------------------------    -------------------

                         (clock sys_clk_pin rise edge)
                                                      0.000     0.000 r  
    W5                                                0.000     0.000 r  clk (IN)
                         net (fo=0)                   0.000     0.000    clk
    W5                   IBUF (Prop_ibuf_I_O)         1.388     1.388 r  clk_IBUF_inst/O
                         net (fo=1, routed)           1.862     3.250    clk_IBUF
    BUFGCTRL_X0Y0        BUFG (Prop_bufg_I_O)         0.091     3.341 r  clk_IBUF_BUFG_inst/O
                         net (fo=191, routed)         1.438     4.779    BIN_LIVE/CLK
    SLICE_X52Y22         FDRE                                         r  BIN_LIVE/scratch_reg[14]/C

Slack:                    inf
  Source:                 reset
                            (input port)
  Destination:            BIN_LIVE/scratch_reg[8]/R
                            (rising edge-triggered cell FDRE clocked by sys_clk_pin  {rise@0.000ns fall@5.000ns period=10.000ns})
  Path Group:             (none)
  Path Type:              Setup (Max at Slow Process Corner)
  Data Path Delay:        6.033ns  (logic 1.595ns (26.445%)  route 4.437ns (73.555%))
  Logic Levels:           2  (IBUF=1 LUT2=1)
  Clock Path Skew:        4.779ns (DCD - SCD + CPR)
    Destination Clock Delay (DCD):    4.779ns
    Source Clock Delay      (SCD):    0.000ns
    Clock Pessimism Removal (CPR):    0.000ns
  Clock Uncertainty:      0.025ns  ((TSJ^2 + TIJ^2)^1/2 + DJ) / 2 + PE
    Total System Jitter     (TSJ):    0.050ns
    Total Input Jitter      (TIJ):    0.000ns
    Discrete Jitter          (DJ):    0.000ns
    Phase Error              (PE):    0.000ns

    Location             Delay type                Incr(ns)  Path(ns)    Netlist Resource(s)
  -------------------------------------------------------------------    -------------------
    U18                                               0.000     0.000 r  reset (IN)
                         net (fo=0)                   0.000     0.000    reset
    U18                  IBUF (Prop_ibuf_I_O)         1.441     1.441 r  reset_IBUF_inst/O
                         net (fo=63, routed)          3.461     4.902    SYNCHRONIZER/count_reg[4][0]
    SLICE_X51Y18         LUT2 (Prop_lut2_I0_O)        0.154     5.056 r  SYNCHRONIZER/count[4]_i_1__0/O
                         net (fo=41, routed)          0.977     6.033    BIN_LIVE/SR[0]
    SLICE_X52Y22         FDRE                                         r  BIN_LIVE/scratch_reg[8]/R
  -------------------------------------------------------------------    -------------------

                         (clock sys_clk_pin rise edge)
                                                      0.000     0.000 r  
    W5                                                0.000     0.000 r  clk (IN)
                         net (fo=0)                   0.000     0.000    clk
    W5                   IBUF (Prop_ibuf_I_O)         1.388     1.388 r  clk_IBUF_inst/O
                         net (fo=1, routed)           1.862     3.250    clk_IBUF
    BUFGCTRL_X0Y0        BUFG (Prop_bufg_I_O)         0.091     3.341 r  clk_IBUF_BUFG_inst/O
                         net (fo=191, routed)         1.438     4.779    BIN_LIVE/CLK
    SLICE_X52Y22         FDRE                                         r  BIN_LIVE/scratch_reg[8]/C

Slack:                    inf
  Source:                 reset
                            (input port)
  Destination:            BIN_LIVE/scratch_reg[9]/R
                            (rising edge-triggered cell FDRE clocked by sys_clk_pin  {rise@0.000ns fall@5.000ns period=10.000ns})
  Path Group:             (none)
  Path Type:              Setup (Max at Slow Process Corner)
  Data Path Delay:        6.033ns  (logic 1.595ns (26.445%)  route 4.437ns (73.555%))
  Logic Levels:           2  (IBUF=1 LUT2=1)
  Clock Path Skew:        4.779ns (DCD - SCD + CPR)
    Destination Clock Delay (DCD):    4.779ns
    Source Clock Delay      (SCD):    0.000ns
    Clock Pessimism Removal (CPR):    0.000ns
  Clock Uncertainty:      0.025ns  ((TSJ^2 + TIJ^2)^1/2 + DJ) / 2 + PE
    Total System Jitter     (TSJ):    0.050ns
    Total Input Jitter      (TIJ):    0.000ns
    Discrete Jitter          (DJ):    0.000ns
    Phase Error              (PE):    0.000ns

    Location             Delay type                Incr(ns)  Path(ns)    Netlist Resource(s)
  -------------------------------------------------------------------    -------------------
    U18                                               0.000     0.000 r  reset (IN)
                         net (fo=0)                   0.000     0.000    reset
    U18                  IBUF (Prop_ibuf_I_O)         1.441     1.441 r  reset_IBUF_inst/O
                         net (fo=63, routed)          3.461     4.902    SYNCHRONIZER/count_reg[4][0]
    SLICE_X51Y18         LUT2 (Prop_lut2_I0_O)        0.154     5.056 r  SYNCHRONIZER/count[4]_i_1__0/O
                         net (fo=41, routed)          0.977     6.033    BIN_LIVE/SR[0]
    SLICE_X52Y22         FDRE                                         r  BIN_LIVE/scratch_reg[9]/R
  -------------------------------------------------------------------    -------------------

                         (clock sys_clk_pin rise edge)
                                                      0.000     0.000 r  
    W5                                                0.000     0.000 r  clk (IN)
                         net (fo=0)                   0.000     0.000    clk
    W5                   IBUF (Prop_ibuf_I_O)         1.388     1.388 r  clk_IBUF_inst/O
                         net (fo=1, routed)           1.862     3.250    clk_IBUF
    BUFGCTRL_X0Y0        BUFG (Prop_bufg_I_O)         0.091     3.341 r  clk_IBUF_BUFG_inst/O
                         net (fo=191, routed)         1.438     4.779    BIN_LIVE/CLK
    SLICE_X52Y22         FDRE                                         r  BIN_LIVE/scratch_reg[9]/C

Slack:                    inf
  Source:                 reset
                            (input port)
  Destination:            BIN_LIVE/bcd_out_reg[0]/R
                            (rising edge-triggered cell FDRE clocked by sys_clk_pin  {rise@0.000ns fall@5.000ns period=10.000ns})
  Path Group:             (none)
  Path Type:              Setup (Max at Slow Process Corner)
  Data Path Delay:        5.981ns  (logic 1.595ns (26.672%)  route 4.386ns (73.328%))
  Logic Levels:           2  (IBUF=1 LUT2=1)
  Clock Path Skew:        4.781ns (DCD - SCD + CPR)
    Destination Clock Delay (DCD):    4.781ns
    Source Clock Delay      (SCD):    0.000ns
    Clock Pessimism Removal (CPR):    0.000ns
  Clock Uncertainty:      0.025ns  ((TSJ^2 + TIJ^2)^1/2 + DJ) / 2 + PE
    Total System Jitter     (TSJ):    0.050ns
    Total Input Jitter      (TIJ):    0.000ns
    Discrete Jitter          (DJ):    0.000ns
    Phase Error              (PE):    0.000ns

    Location             Delay type                Incr(ns)  Path(ns)    Netlist Resource(s)
  -------------------------------------------------------------------    -------------------
    U18                                               0.000     0.000 r  reset (IN)
                         net (fo=0)                   0.000     0.000    reset
    U18                  IBUF (Prop_ibuf_I_O)         1.441     1.441 r  reset_IBUF_inst/O
                         net (fo=63, routed)          3.461     4.902    SYNCHRONIZER/count_reg[4][0]
    SLICE_X51Y18         LUT2 (Prop_lut2_I0_O)        0.154     5.056 r  SYNCHRONIZER/count[4]_i_1__0/O
                         net (fo=41, routed)          0.925     5.981    BIN_LIVE/SR[0]
    SLICE_X50Y21         FDRE                                         r  BIN_LIVE/bcd_out_reg[0]/R
  -------------------------------------------------------------------    -------------------

                         (clock sys_clk_pin rise edge)
                                                      0.000     0.000 r  
    W5                                                0.000     0.000 r  clk (IN)
                         net (fo=0)                   0.000     0.000    clk
    W5                   IBUF (Prop_ibuf_I_O)         1.388     1.388 r  clk_IBUF_inst/O
                         net (fo=1, routed)           1.862     3.250    clk_IBUF
    BUFGCTRL_X0Y0        BUFG (Prop_bufg_I_O)         0.091     3.341 r  clk_IBUF_BUFG_inst/O
                         net (fo=191, routed)         1.440     4.781    BIN_LIVE/CLK
    SLICE_X50Y21         FDRE                                         r  BIN_LIVE/bcd_out_reg[0]/C

Slack:                    inf
  Source:                 reset
                            (input port)
  Destination:            BIN_LIVE/bcd_out_reg[12]/R
                            (rising edge-triggered cell FDRE clocked by sys_clk_pin  {rise@0.000ns fall@5.000ns period=10.000ns})
  Path Group:             (none)
  Path Type:              Setup (Max at Slow Process Corner)
  Data Path Delay:        5.981ns  (logic 1.595ns (26.672%)  route 4.386ns (73.328%))
  Logic Levels:           2  (IBUF=1 LUT2=1)
  Clock Path Skew:        4.781ns (DCD - SCD + CPR)
    Destination Clock Delay (DCD):    4.781ns
    Source Clock Delay      (SCD):    0.000ns
    Clock Pessimism Removal (CPR):    0.000ns
  Clock Uncertainty:      0.025ns  ((TSJ^2 + TIJ^2)^1/2 + DJ) / 2 + PE
    Total System Jitter     (TSJ):    0.050ns
    Total Input Jitter      (TIJ):    0.000ns
    Discrete Jitter          (DJ):    0.000ns
    Phase Error              (PE):    0.000ns

    Location             Delay type                Incr(ns)  Path(ns)    Netlist Resource(s)
  -------------------------------------------------------------------    -------------------
    U18                                               0.000     0.000 r  reset (IN)
                         net (fo=0)                   0.000     0.000    reset
    U18                  IBUF (Prop_ibuf_I_O)         1.441     1.441 r  reset_IBUF_inst/O
                         net (fo=63, routed)          3.461     4.902    SYNCHRONIZER/count_reg[4][0]
    SLICE_X51Y18         LUT2 (Prop_lut2_I0_O)        0.154     5.056 r  SYNCHRONIZER/count[4]_i_1__0/O
                         net (fo=41, routed)          0.925     5.981    BIN_LIVE/SR[0]
    SLICE_X50Y21         FDRE                                         r  BIN_LIVE/bcd_out_reg[12]/R
  -------------------------------------------------------------------    -------------------

                         (clock sys_clk_pin rise edge)
                                                      0.000     0.000 r  
    W5                                                0.000     0.000 r  clk (IN)
                         net (fo=0)                   0.000     0.000    clk
    W5                   IBUF (Prop_ibuf_I_O)         1.388     1.388 r  clk_IBUF_inst/O
                         net (fo=1, routed)           1.862     3.250    clk_IBUF
    BUFGCTRL_X0Y0        BUFG (Prop_bufg_I_O)         0.091     3.341 r  clk_IBUF_BUFG_inst/O
                         net (fo=191, routed)         1.440     4.781    BIN_LIVE/CLK
    SLICE_X50Y21         FDRE                                         r  BIN_LIVE/bcd_out_reg[12]/C

Slack:                    inf
  Source:                 reset
                            (input port)
  Destination:            BIN_LIVE/bcd_out_reg[4]/R
                            (rising edge-triggered cell FDRE clocked by sys_clk_pin  {rise@0.000ns fall@5.000ns period=10.000ns})
  Path Group:             (none)
  Path Type:              Setup (Max at Slow Process Corner)
  Data Path Delay:        5.981ns  (logic 1.595ns (26.672%)  route 4.386ns (73.328%))
  Logic Levels:           2  (IBUF=1 LUT2=1)
  Clock Path Skew:        4.781ns (DCD - SCD + CPR)
    Destination Clock Delay (DCD):    4.781ns
    Source Clock Delay      (SCD):    0.000ns
    Clock Pessimism Removal (CPR):    0.000ns
  Clock Uncertainty:      0.025ns  ((TSJ^2 + TIJ^2)^1/2 + DJ) / 2 + PE
    Total System Jitter     (TSJ):    0.050ns
    Total Input Jitter      (TIJ):    0.000ns
    Discrete Jitter          (DJ):    0.000ns
    Phase Error              (PE):    0.000ns

    Location             Delay type                Incr(ns)  Path(ns)    Netlist Resource(s)
  -------------------------------------------------------------------    -------------------
    U18                                               0.000     0.000 r  reset (IN)
                         net (fo=0)                   0.000     0.000    reset
    U18                  IBUF (Prop_ibuf_I_O)         1.441     1.441 r  reset_IBUF_inst/O
                         net (fo=63, routed)          3.461     4.902    SYNCHRONIZER/count_reg[4][0]
    SLICE_X51Y18         LUT2 (Prop_lut2_I0_O)        0.154     5.056 r  SYNCHRONIZER/count[4]_i_1__0/O
                         net (fo=41, routed)          0.925     5.981    BIN_LIVE/SR[0]
    SLICE_X50Y21         FDRE                                         r  BIN_LIVE/bcd_out_reg[4]/R
  -------------------------------------------------------------------    -------------------

                         (clock sys_clk_pin rise edge)
                                                      0.000     0.000 r  
    W5                                                0.000     0.000 r  clk (IN)
                         net (fo=0)                   0.000     0.000    clk
    W5                   IBUF (Prop_ibuf_I_O)         1.388     1.388 r  clk_IBUF_inst/O
                         net (fo=1, routed)           1.862     3.250    clk_IBUF
    BUFGCTRL_X0Y0        BUFG (Prop_bufg_I_O)         0.091     3.341 r  clk_IBUF_BUFG_inst/O
                         net (fo=191, routed)         1.440     4.781    BIN_LIVE/CLK
    SLICE_X50Y21         FDRE                                         r  BIN_LIVE/bcd_out_reg[4]/C

Slack:                    inf
  Source:                 reset
                            (input port)
  Destination:            BIN_LIVE/bcd_out_reg[8]/R
                            (rising edge-triggered cell FDRE clocked by sys_clk_pin  {rise@0.000ns fall@5.000ns period=10.000ns})
  Path Group:             (none)
  Path Type:              Setup (Max at Slow Process Corner)
  Data Path Delay:        5.981ns  (logic 1.595ns (26.672%)  route 4.386ns (73.328%))
  Logic Levels:           2  (IBUF=1 LUT2=1)
  Clock Path Skew:        4.781ns (DCD - SCD + CPR)
    Destination Clock Delay (DCD):    4.781ns
    Source Clock Delay      (SCD):    0.000ns
    Clock Pessimism Removal (CPR):    0.000ns
  Clock Uncertainty:      0.025ns  ((TSJ^2 + TIJ^2)^1/2 + DJ) / 2 + PE
    Total System Jitter     (TSJ):    0.050ns
    Total Input Jitter      (TIJ):    0.000ns
    Discrete Jitter          (DJ):    0.000ns
    Phase Error              (PE):    0.000ns

    Location             Delay type                Incr(ns)  Path(ns)    Netlist Resource(s)
  -------------------------------------------------------------------    -------------------
    U18                                               0.000     0.000 r  reset (IN)
                         net (fo=0)                   0.000     0.000    reset
    U18                  IBUF (Prop_ibuf_I_O)         1.441     1.441 r  reset_IBUF_inst/O
                         net (fo=63, routed)          3.461     4.902    SYNCHRONIZER/count_reg[4][0]
    SLICE_X51Y18         LUT2 (Prop_lut2_I0_O)        0.154     5.056 r  SYNCHRONIZER/count[4]_i_1__0/O
                         net (fo=41, routed)          0.925     5.981    BIN_LIVE/SR[0]
    SLICE_X50Y21         FDRE                                         r  BIN_LIVE/bcd_out_reg[8]/R
  -------------------------------------------------------------------    -------------------

                         (clock sys_clk_pin rise edge)
                                                      0.000     0.000 r  
    W5                                                0.000     0.000 r  clk (IN)
                         net (fo=0)                   0.000     0.000    clk
    W5                   IBUF (Prop_ibuf_I_O)         1.388     1.388 r  clk_IBUF_inst/O
                         net (fo=1, routed)           1.862     3.250    clk_IBUF
    BUFGCTRL_X0Y0        BUFG (Prop_bufg_I_O)         0.091     3.341 r  clk_IBUF_BUFG_inst/O
                         net (fo=191, routed)         1.440     4.781    BIN_LIVE/CLK
    SLICE_X50Y21         FDRE                                         r  BIN_LIVE/bcd_out_reg[8]/C

Slack:                    inf
  Source:                 reset
                            (input port)
  Destination:            BIN_LIVE/scratch_reg[29]/R
                            (rising edge-triggered cell FDRE clocked by sys_clk_pin  {rise@0.000ns fall@5.000ns period=10.000ns})
  Path Group:             (none)
  Path Type:              Setup (Max at Slow Process Corner)
  Data Path Delay:        5.981ns  (logic 1.595ns (26.672%)  route 4.386ns (73.328%))
  Logic Levels:           2  (IBUF=1 LUT2=1)
  Clock Path Skew:        4.781ns (DCD - SCD + CPR)
    Destination Clock Delay (DCD):    4.781ns
    Source Clock Delay      (SCD):    0.000ns
    Clock Pessimism Removal (CPR):    0.000ns
  Clock Uncertainty:      0.025ns  ((TSJ^2 + TIJ^2)^1/2 + DJ) / 2 + PE
    Total System Jitter     (TSJ):    0.050ns
    Total Input Jitter      (TIJ):    0.000ns
    Discrete Jitter          (DJ):    0.000ns
    Phase Error              (PE):    0.000ns

    Location             Delay type                Incr(ns)  Path(ns)    Netlist Resource(s)
  -------------------------------------------------------------------    -------------------
    U18                                               0.000     0.000 r  reset (IN)
                         net (fo=0)                   0.000     0.000    reset
    U18                  IBUF (Prop_ibuf_I_O)         1.441     1.441 r  reset_IBUF_inst/O
                         net (fo=63, routed)          3.461     4.902    SYNCHRONIZER/count_reg[4][0]
    SLICE_X51Y18         LUT2 (Prop_lut2_I0_O)        0.154     5.056 r  SYNCHRONIZER/count[4]_i_1__0/O
                         net (fo=41, routed)          0.925     5.981    BIN_LIVE/SR[0]
    SLICE_X51Y21         FDRE                                         r  BIN_LIVE/scratch_reg[29]/R
  -------------------------------------------------------------------    -------------------

                         (clock sys_clk_pin rise edge)
                                                      0.000     0.000 r  
    W5                                                0.000     0.000 r  clk (IN)
                         net (fo=0)                   0.000     0.000    clk
    W5                   IBUF (Prop_ibuf_I_O)         1.388     1.388 r  clk_IBUF_inst/O
                         net (fo=1, routed)           1.862     3.250    clk_IBUF
    BUFGCTRL_X0Y0        BUFG (Prop_bufg_I_O)         0.091     3.341 r  clk_IBUF_BUFG_inst/O
                         net (fo=191, routed)         1.440     4.781    BIN_LIVE/CLK
    SLICE_X51Y21         FDRE                                         r  BIN_LIVE/scratch_reg[29]/C





Min Delay Paths
--------------------------------------------------------------------------------------
Slack:                    inf
  Source:                 switches_inputs[12]
                            (input port)
  Destination:            SYNCHRONIZER/n1_reg[3]/D
                            (rising edge-triggered cell FDRE clocked by sys_clk_pin  {rise@0.000ns fall@5.000ns period=10.000ns})
  Path Group:             (none)
  Path Type:              Hold (Min at Fast Process Corner)
  Data Path Delay:        0.739ns  (logic 0.237ns (32.040%)  route 0.502ns (67.960%))
  Logic Levels:           1  (IBUF=1)
  Clock Path Skew:        1.962ns (DCD - SCD - CPR)
    Destination Clock Delay (DCD):    1.962ns
    Source Clock Delay      (SCD):    0.000ns
    Clock Pessimism Removal (CPR):    -0.000ns

    Location             Delay type                Incr(ns)  Path(ns)    Netlist Resource(s)
  -------------------------------------------------------------------    -------------------
    W2                                                0.000     0.000 r  switches_inputs[12] (IN)
                         net (fo=0)                   0.000     0.000    switches_inputs[12]
    W2                   IBUF (Prop_ibuf_I_O)         0.237     0.237 r  switches_inputs_IBUF[12]_inst/O
                         net (fo=1, routed)           0.502     0.739    SYNCHRONIZER/D[12]
    SLICE_X54Y38         FDRE                                         r  SYNCHRONIZER/n1_reg[3]/D
  -------------------------------------------------------------------    -------------------

                         (clock sys_clk_pin rise edge)
                                                      0.000     0.000 r  
    W5                                                0.000     0.000 r  clk (IN)
                         net (fo=0)                   0.000     0.000    clk
    W5                   IBUF (Prop_ibuf_I_O)         0.414     0.414 r  clk_IBUF_inst/O
                         net (fo=1, routed)           0.685     1.099    clk_IBUF
    BUFGCTRL_X0Y0        BUFG (Prop_bufg_I_O)         0.029     1.128 r  clk_IBUF_BUFG_inst/O
                         net (fo=191, routed)         0.835     1.962    SYNCHRONIZER/CLK
    SLICE_X54Y38         FDRE                                         r  SYNCHRONIZER/n1_reg[3]/C

Slack:                    inf
  Source:                 switches_inputs[14]
                            (input port)
  Destination:            SYNCHRONIZER/n1_reg[1]/D
                            (rising edge-triggered cell FDRE clocked by sys_clk_pin  {rise@0.000ns fall@5.000ns period=10.000ns})
  Path Group:             (none)
  Path Type:              Hold (Min at Fast Process Corner)
  Data Path Delay:        0.937ns  (logic 0.223ns (23.834%)  route 0.714ns (76.166%))
  Logic Levels:           1  (IBUF=1)
  Clock Path Skew:        1.951ns (DCD - SCD - CPR)
    Destination Clock Delay (DCD):    1.951ns
    Source Clock Delay      (SCD):    0.000ns
    Clock Pessimism Removal (CPR):    -0.000ns

    Location             Delay type                Incr(ns)  Path(ns)    Netlist Resource(s)
  -------------------------------------------------------------------    -------------------
    T1                                                0.000     0.000 r  switches_inputs[14] (IN)
                         net (fo=0)                   0.000     0.000    switches_inputs[14]
    T1                   IBUF (Prop_ibuf_I_O)         0.223     0.223 r  switches_inputs_IBUF[14]_inst/O
                         net (fo=1, routed)           0.714     0.937    SYNCHRONIZER/D[14]
    SLICE_X55Y27         FDRE                                         r  SYNCHRONIZER/n1_reg[1]/D
  -------------------------------------------------------------------    -------------------

                         (clock sys_clk_pin rise edge)
                                                      0.000     0.000 r  
    W5                                                0.000     0.000 r  clk (IN)
                         net (fo=0)                   0.000     0.000    clk
    W5                   IBUF (Prop_ibuf_I_O)         0.414     0.414 r  clk_IBUF_inst/O
                         net (fo=1, routed)           0.685     1.099    clk_IBUF
    BUFGCTRL_X0Y0        BUFG (Prop_bufg_I_O)         0.029     1.128 r  clk_IBUF_BUFG_inst/O
                         net (fo=191, routed)         0.824     1.951    SYNCHRONIZER/CLK
    SLICE_X55Y27         FDRE                                         r  SYNCHRONIZER/n1_reg[1]/C

Slack:                    inf
  Source:                 switches_inputs[13]
                            (input port)
  Destination:            SYNCHRONIZER/n1_reg[2]/D
                            (rising edge-triggered cell FDRE clocked by sys_clk_pin  {rise@0.000ns fall@5.000ns period=10.000ns})
  Path Group:             (none)
  Path Type:              Hold (Min at Fast Process Corner)
  Data Path Delay:        0.939ns  (logic 0.221ns (23.541%)  route 0.718ns (76.459%))
  Logic Levels:           1  (IBUF=1)
  Clock Path Skew:        1.948ns (DCD - SCD - CPR)
    Destination Clock Delay (DCD):    1.948ns
    Source Clock Delay      (SCD):    0.000ns
    Clock Pessimism Removal (CPR):    -0.000ns

    Location             Delay type                Incr(ns)  Path(ns)    Netlist Resource(s)
  -------------------------------------------------------------------    -------------------
    U1                                                0.000     0.000 r  switches_inputs[13] (IN)
                         net (fo=0)                   0.000     0.000    switches_inputs[13]
    U1                   IBUF (Prop_ibuf_I_O)         0.221     0.221 r  switches_inputs_IBUF[13]_inst/O
                         net (fo=1, routed)           0.718     0.939    SYNCHRONIZER/D[13]
    SLICE_X55Y25         FDRE                                         r  SYNCHRONIZER/n1_reg[2]/D
  -------------------------------------------------------------------    -------------------

                         (clock sys_clk_pin rise edge)
                                                      0.000     0.000 r  
    W5                                                0.000     0.000 r  clk (IN)
                         net (fo=0)                   0.000     0.000    clk
    W5                   IBUF (Prop_ibuf_I_O)         0.414     0.414 r  clk_IBUF_inst/O
                         net (fo=1, routed)           0.685     1.099    clk_IBUF
    BUFGCTRL_X0Y0        BUFG (Prop_bufg_I_O)         0.029     1.128 r  clk_IBUF_BUFG_inst/O
                         net (fo=191, routed)         0.821     1.948    SYNCHRONIZER/CLK
    SLICE_X55Y25         FDRE                                         r  SYNCHRONIZER/n1_reg[2]/C

Slack:                    inf
  Source:                 switches_inputs[9]
                            (input port)
  Destination:            SYNCHRONIZER/n1_reg[6]/D
                            (rising edge-triggered cell FDRE clocked by sys_clk_pin  {rise@0.000ns fall@5.000ns period=10.000ns})
  Path Group:             (none)
  Path Type:              Hold (Min at Fast Process Corner)
  Data Path Delay:        0.965ns  (logic 0.220ns (22.834%)  route 0.745ns (77.166%))
  Logic Levels:           1  (IBUF=1)
  Clock Path Skew:        1.955ns (DCD - SCD - CPR)
    Destination Clock Delay (DCD):    1.955ns
    Source Clock Delay      (SCD):    0.000ns
    Clock Pessimism Removal (CPR):    -0.000ns

    Location             Delay type                Incr(ns)  Path(ns)    Netlist Resource(s)
  -------------------------------------------------------------------    -------------------
    T3                                                0.000     0.000 r  switches_inputs[9] (IN)
                         net (fo=0)                   0.000     0.000    switches_inputs[9]
    T3                   IBUF (Prop_ibuf_I_O)         0.220     0.220 r  switches_inputs_IBUF[9]_inst/O
                         net (fo=1, routed)           0.745     0.965    SYNCHRONIZER/D[9]
    SLICE_X55Y18         FDRE                                         r  SYNCHRONIZER/n1_reg[6]/D
  -------------------------------------------------------------------    -------------------

                         (clock sys_clk_pin rise edge)
                                                      0.000     0.000 r  
    W5                                                0.000     0.000 r  clk (IN)
                         net (fo=0)                   0.000     0.000    clk
    W5                   IBUF (Prop_ibuf_I_O)         0.414     0.414 r  clk_IBUF_inst/O
                         net (fo=1, routed)           0.685     1.099    clk_IBUF
    BUFGCTRL_X0Y0        BUFG (Prop_bufg_I_O)         0.029     1.128 r  clk_IBUF_BUFG_inst/O
                         net (fo=191, routed)         0.828     1.955    SYNCHRONIZER/CLK
    SLICE_X55Y18         FDRE                                         r  SYNCHRONIZER/n1_reg[6]/C

Slack:                    inf
  Source:                 switches_inputs[11]
                            (input port)
  Destination:            SYNCHRONIZER/n1_reg[4]/D
                            (rising edge-triggered cell FDRE clocked by sys_clk_pin  {rise@0.000ns fall@5.000ns period=10.000ns})
  Path Group:             (none)
  Path Type:              Hold (Min at Fast Process Corner)
  Data Path Delay:        0.983ns  (logic 0.232ns (23.585%)  route 0.751ns (76.415%))
  Logic Levels:           1  (IBUF=1)
  Clock Path Skew:        1.953ns (DCD - SCD - CPR)
    Destination Clock Delay (DCD):    1.953ns
    Source Clock Delay      (SCD):    0.000ns
    Clock Pessimism Removal (CPR):    -0.000ns

    Location             Delay type                Incr(ns)  Path(ns)    Netlist Resource(s)
  -------------------------------------------------------------------    -------------------
    R3                                                0.000     0.000 r  switches_inputs[11] (IN)
                         net (fo=0)                   0.000     0.000    switches_inputs[11]
    R3                   IBUF (Prop_ibuf_I_O)         0.232     0.232 r  switches_inputs_IBUF[11]_inst/O
                         net (fo=1, routed)           0.751     0.983    SYNCHRONIZER/D[11]
    SLICE_X56Y20         FDRE                                         r  SYNCHRONIZER/n1_reg[4]/D
  -------------------------------------------------------------------    -------------------

                         (clock sys_clk_pin rise edge)
                                                      0.000     0.000 r  
    W5                                                0.000     0.000 r  clk (IN)
                         net (fo=0)                   0.000     0.000    clk
    W5                   IBUF (Prop_ibuf_I_O)         0.414     0.414 r  clk_IBUF_inst/O
                         net (fo=1, routed)           0.685     1.099    clk_IBUF
    BUFGCTRL_X0Y0        BUFG (Prop_bufg_I_O)         0.029     1.128 r  clk_IBUF_BUFG_inst/O
                         net (fo=191, routed)         0.826     1.953    SYNCHRONIZER/CLK
    SLICE_X56Y20         FDRE                                         r  SYNCHRONIZER/n1_reg[4]/C

Slack:                    inf
  Source:                 switches_inputs[15]
                            (input port)
  Destination:            SYNCHRONIZER/n1_reg[0]/D
                            (rising edge-triggered cell FDRE clocked by sys_clk_pin  {rise@0.000ns fall@5.000ns period=10.000ns})
  Path Group:             (none)
  Path Type:              Hold (Min at Fast Process Corner)
  Data Path Delay:        1.010ns  (logic 0.224ns (22.206%)  route 0.786ns (77.794%))
  Logic Levels:           1  (IBUF=1)
  Clock Path Skew:        1.951ns (DCD - SCD - CPR)
    Destination Clock Delay (DCD):    1.951ns
    Source Clock Delay      (SCD):    0.000ns
    Clock Pessimism Removal (CPR):    -0.000ns

    Location             Delay type                Incr(ns)  Path(ns)    Netlist Resource(s)
  -------------------------------------------------------------------    -------------------
    R2                                                0.000     0.000 r  switches_inputs[15] (IN)
                         net (fo=0)                   0.000     0.000    switches_inputs[15]
    R2                   IBUF (Prop_ibuf_I_O)         0.224     0.224 r  switches_inputs_IBUF[15]_inst/O
                         net (fo=1, routed)           0.786     1.010    SYNCHRONIZER/D[15]
    SLICE_X55Y27         FDRE                                         r  SYNCHRONIZER/n1_reg[0]/D
  -------------------------------------------------------------------    -------------------

                         (clock sys_clk_pin rise edge)
                                                      0.000     0.000 r  
    W5                                                0.000     0.000 r  clk (IN)
                         net (fo=0)                   0.000     0.000    clk
    W5                   IBUF (Prop_ibuf_I_O)         0.414     0.414 r  clk_IBUF_inst/O
                         net (fo=1, routed)           0.685     1.099    clk_IBUF
    BUFGCTRL_X0Y0        BUFG (Prop_bufg_I_O)         0.029     1.128 r  clk_IBUF_BUFG_inst/O
                         net (fo=191, routed)         0.824     1.951    SYNCHRONIZER/CLK
    SLICE_X55Y27         FDRE                                         r  SYNCHRONIZER/n1_reg[0]/C

Slack:                    inf
  Source:                 switches_inputs[8]
                            (input port)
  Destination:            SYNCHRONIZER/n1_reg[7]/D
                            (rising edge-triggered cell FDRE clocked by sys_clk_pin  {rise@0.000ns fall@5.000ns period=10.000ns})
  Path Group:             (none)
  Path Type:              Hold (Min at Fast Process Corner)
  Data Path Delay:        1.080ns  (logic 0.223ns (20.602%)  route 0.858ns (79.398%))
  Logic Levels:           1  (IBUF=1)
  Clock Path Skew:        1.951ns (DCD - SCD - CPR)
    Destination Clock Delay (DCD):    1.951ns
    Source Clock Delay      (SCD):    0.000ns
    Clock Pessimism Removal (CPR):    -0.000ns

    Location             Delay type                Incr(ns)  Path(ns)    Netlist Resource(s)
  -------------------------------------------------------------------    -------------------
    V2                                                0.000     0.000 r  switches_inputs[8] (IN)
                         net (fo=0)                   0.000     0.000    switches_inputs[8]
    V2                   IBUF (Prop_ibuf_I_O)         0.223     0.223 r  switches_inputs_IBUF[8]_inst/O
                         net (fo=1, routed)           0.858     1.080    SYNCHRONIZER/D[8]
    SLICE_X53Y22         FDRE                                         r  SYNCHRONIZER/n1_reg[7]/D
  -------------------------------------------------------------------    -------------------

                         (clock sys_clk_pin rise edge)
                                                      0.000     0.000 r  
    W5                                                0.000     0.000 r  clk (IN)
                         net (fo=0)                   0.000     0.000    clk
    W5                   IBUF (Prop_ibuf_I_O)         0.414     0.414 r  clk_IBUF_inst/O
                         net (fo=1, routed)           0.685     1.099    clk_IBUF
    BUFGCTRL_X0Y0        BUFG (Prop_bufg_I_O)         0.029     1.128 r  clk_IBUF_BUFG_inst/O
                         net (fo=191, routed)         0.824     1.951    SYNCHRONIZER/CLK
    SLICE_X53Y22         FDRE                                         r  SYNCHRONIZER/n1_reg[7]/C

Slack:                    inf
  Source:                 switches_inputs[3]
                            (input port)
  Destination:            SYNCHRONIZER/n1_reg[12]/D
                            (rising edge-triggered cell FDRE clocked by sys_clk_pin  {rise@0.000ns fall@5.000ns period=10.000ns})
  Path Group:             (none)
  Path Type:              Hold (Min at Fast Process Corner)
  Data Path Delay:        1.119ns  (logic 0.217ns (19.363%)  route 0.902ns (80.637%))
  Logic Levels:           1  (IBUF=1)
  Clock Path Skew:        1.954ns (DCD - SCD - CPR)
    Destination Clock Delay (DCD):    1.954ns
    Source Clock Delay      (SCD):    0.000ns
    Clock Pessimism Removal (CPR):    -0.000ns

    Location             Delay type                Incr(ns)  Path(ns)    Netlist Resource(s)
  -------------------------------------------------------------------    -------------------
    W17                                               0.000     0.000 r  switches_inputs[3] (IN)
                         net (fo=0)                   0.000     0.000    switches_inputs[3]
    W17                  IBUF (Prop_ibuf_I_O)         0.217     0.217 r  switches_inputs_IBUF[3]_inst/O
                         net (fo=1, routed)           0.902     1.119    SYNCHRONIZER/D[3]
    SLICE_X36Y14         FDRE                                         r  SYNCHRONIZER/n1_reg[12]/D
  -------------------------------------------------------------------    -------------------

                         (clock sys_clk_pin rise edge)
                                                      0.000     0.000 r  
    W5                                                0.000     0.000 r  clk (IN)
                         net (fo=0)                   0.000     0.000    clk
    W5                   IBUF (Prop_ibuf_I_O)         0.414     0.414 r  clk_IBUF_inst/O
                         net (fo=1, routed)           0.685     1.099    clk_IBUF
    BUFGCTRL_X0Y0        BUFG (Prop_bufg_I_O)         0.029     1.128 r  clk_IBUF_BUFG_inst/O
                         net (fo=191, routed)         0.827     1.954    SYNCHRONIZER/CLK
    SLICE_X36Y14         FDRE                                         r  SYNCHRONIZER/n1_reg[12]/C

Slack:                    inf
  Source:                 switches_inputs[10]
                            (input port)
  Destination:            SYNCHRONIZER/n1_reg[5]/D
                            (rising edge-triggered cell FDRE clocked by sys_clk_pin  {rise@0.000ns fall@5.000ns period=10.000ns})
  Path Group:             (none)
  Path Type:              Hold (Min at Fast Process Corner)
  Data Path Delay:        1.145ns  (logic 0.226ns (19.735%)  route 0.919ns (80.265%))
  Logic Levels:           1  (IBUF=1)
  Clock Path Skew:        1.955ns (DCD - SCD - CPR)
    Destination Clock Delay (DCD):    1.955ns
    Source Clock Delay      (SCD):    0.000ns
    Clock Pessimism Removal (CPR):    -0.000ns

    Location             Delay type                Incr(ns)  Path(ns)    Netlist Resource(s)
  -------------------------------------------------------------------    -------------------
    T2                                                0.000     0.000 r  switches_inputs[10] (IN)
                         net (fo=0)                   0.000     0.000    switches_inputs[10]
    T2                   IBUF (Prop_ibuf_I_O)         0.226     0.226 r  switches_inputs_IBUF[10]_inst/O
                         net (fo=1, routed)           0.919     1.145    SYNCHRONIZER/D[10]
    SLICE_X55Y18         FDRE                                         r  SYNCHRONIZER/n1_reg[5]/D
  -------------------------------------------------------------------    -------------------

                         (clock sys_clk_pin rise edge)
                                                      0.000     0.000 r  
    W5                                                0.000     0.000 r  clk (IN)
                         net (fo=0)                   0.000     0.000    clk
    W5                   IBUF (Prop_ibuf_I_O)         0.414     0.414 r  clk_IBUF_inst/O
                         net (fo=1, routed)           0.685     1.099    clk_IBUF
    BUFGCTRL_X0Y0        BUFG (Prop_bufg_I_O)         0.029     1.128 r  clk_IBUF_BUFG_inst/O
                         net (fo=191, routed)         0.828     1.955    SYNCHRONIZER/CLK
    SLICE_X55Y18         FDRE                                         r  SYNCHRONIZER/n1_reg[5]/C

Slack:                    inf
  Source:                 store
                            (input port)
  Destination:            regi/reg_output_reg[0]/CE
                            (rising edge-triggered cell FDRE clocked by sys_clk_pin  {rise@0.000ns fall@5.000ns period=10.000ns})
  Path Group:             (none)
  Path Type:              Hold (Min at Fast Process Corner)
  Data Path Delay:        1.152ns  (logic 0.219ns (19.035%)  route 0.933ns (80.965%))
  Logic Levels:           1  (IBUF=1)
  Clock Path Skew:        1.951ns (DCD - SCD - CPR)
    Destination Clock Delay (DCD):    1.951ns
    Source Clock Delay      (SCD):    0.000ns
    Clock Pessimism Removal (CPR):    -0.000ns

    Location             Delay type                Incr(ns)  Path(ns)    Netlist Resource(s)
  -------------------------------------------------------------------    -------------------
    W19                                               0.000     0.000 r  store (IN)
                         net (fo=0)                   0.000     0.000    store
    W19                  IBUF (Prop_ibuf_I_O)         0.219     0.219 r  store_IBUF_inst/O
                         net (fo=16, routed)          0.933     1.152    regi/E[0]
    SLICE_X47Y19         FDRE                                         r  regi/reg_output_reg[0]/CE
  -------------------------------------------------------------------    -------------------

                         (clock sys_clk_pin rise edge)
                                                      0.000     0.000 r  
    W5                                                0.000     0.000 r  clk (IN)
                         net (fo=0)                   0.000     0.000    clk
    W5                   IBUF (Prop_ibuf_I_O)         0.414     0.414 r  clk_IBUF_inst/O
                         net (fo=1, routed)           0.685     1.099    clk_IBUF
    BUFGCTRL_X0Y0        BUFG (Prop_bufg_I_O)         0.029     1.128 r  clk_IBUF_BUFG_inst/O
                         net (fo=191, routed)         0.824     1.951    regi/CLK
    SLICE_X47Y19         FDRE                                         r  regi/reg_output_reg[0]/C





